City,Waste_Type,Waste_Generated,Recycling_Rate,Population_Density,Municipal_Efficiency_Score,Disposal_Method,Cost_of_Waste_Management,Awareness_Campaigns_Count,Landfill_Capacity,Year,Landfill_Lat,Landfill_Long,Distance_to_Landfill_km,Years_Since_2019
Mumbai,Plastic,6610,68,11191,9,Composting,3056,14,45575,2019,22.4265,77.4931,606.5952681265323,0
Mumbai,Organic,1181,56,11191,5,Composting,2778,12,45575,2019,22.4265,77.4931,606.5952681265323,0
Mumbai,E-Waste,8162,53,11191,8,Incineration,3390,13,45575,2019,22.4265,77.4931,606.5952681265323,0
Mumbai,Construction,8929,56,11191,5,Landfill,1498,14,45575,2019,22.4265,77.4931,606.5952681265323,0
Mumbai,Hazardous,5032,44,11191,7,Recycling,2221,16,45575,2019,22.4265,77.4931,606.5952681265323,0
Mumbai,Plastic,7456,73,11191,9,Landfill,3195,6,45575,2020,22.4265,77.4931,606.5952681265323,1
Mumbai,Organic,7118,37,11191,6,Composting,3686,14,45575,2020,22.4265,77.4931,606.5952681265323,1
Mumbai,E-Waste,9189,57,11191,10,Landfill,1791,12,45575,2020,22.4265,77.4931,606.5952681265323,1
Mumbai,Construction,8609,48,11191,8,Incineration,1681,20,45575,2020,22.4265,77.4931,606.5952681265323,1
Mumbai,Hazardous,6632,71,11191,6,Incineration,2311,12,45575,2020,22.4265,77.4931,606.5952681265323,1
Mumbai,Plastic,6932,81,11191,10,Incineration,2543,16,45575,2021,22.4265,77.4931,606.5952681265323,2
Mumbai,Organic,4171,44,11191,9,Incineration,4756,14,45575,2021,22.4265,77.4931,606.5952681265323,2
Mumbai,E-Waste,5095,30,11191,10,Composting,3586,2,45575,2021,22.4265,77.4931,606.5952681265323,2
Mumbai,Construction,3514,77,11191,9,Incineration,3520,0,45575,2021,22.4265,77.4931,606.5952681265323,2
Mumbai,Hazardous,4505,54,11191,10,Composting,3655,4,45575,2021,22.4265,77.4931,606.5952681265323,2
Mumbai,Plastic,2501,41,11191,9,Recycling,1194,4,45575,2022,22.4265,77.4931,606.5952681265323,3
Mumbai,Organic,3348,79,11191,6,Incineration,2383,10,45575,2022,22.4265,77.4931,606.5952681265323,3
Mumbai,E-Waste,6915,41,11191,9,Incineration,2324,1,45575,2022,22.4265,77.4931,606.5952681265323,3
Mumbai,Construction,5862,48,11191,7,Landfill,2867,19,45575,2022,22.4265,77.4931,606.5952681265323,3
Mumbai,Hazardous,4856,74,11191,10,Landfill,826,1,45575,2022,22.4265,77.4931,606.5952681265323,3
Mumbai,Plastic,6569,48,11191,5,Landfill,4287,16,45575,2023,22.4265,77.4931,606.5952681265323,4
Mumbai,Organic,7809,35,11191,8,Recycling,3128,7,45575,2023,22.4265,77.4931,606.5952681265323,4
Mumbai,E-Waste,7232,82,11191,6,Landfill,1565,9,45575,2023,22.4265,77.4931,606.5952681265323,4
Mumbai,Construction,4039,54,11191,9,Recycling,1252,12,45575,2023,22.4265,77.4931,606.5952681265323,4
Mumbai,Hazardous,7077,70,11191,9,Incineration,2850,5,45575,2023,22.4265,77.4931,606.5952681265323,4
Delhi,Plastic,1061,59,14376,5,Landfill,4240,1,74509,2019,30.2591,91.9376,1436.84690059149,0
Delhi,Organic,2224,84,14376,10,Landfill,3219,4,74509,2019,30.2591,91.9376,1436.84690059149,0
Delhi,E-Waste,2395,43,14376,5,Composting,2005,1,74509,2019,30.2591,91.9376,1436.84690059149,0
Delhi,Construction,1887,80,14376,7,Incineration,4307,4,74509,2019,30.2591,91.9376,1436.84690059149,0
Delhi,Hazardous,4158,48,14376,5,Composting,4183,6,74509,2019,30.2591,91.9376,1436.84690059149,0
Delhi,Plastic,763,75,14376,5,Recycling,1337,20,74509,2020,30.2591,91.9376,1436.84690059149,1
Delhi,Organic,7143,69,14376,9,Landfill,682,16,74509,2020,30.2591,91.9376,1436.84690059149,1
Delhi,E-Waste,7516,84,14376,5,Composting,620,18,74509,2020,30.2591,91.9376,1436.84690059149,1
Delhi,Construction,3125,77,14376,8,Recycling,4345,5,74509,2020,30.2591,91.9376,1436.84690059149,1
Delhi,Hazardous,6574,84,14376,8,Incineration,913,20,74509,2020,30.2591,91.9376,1436.84690059149,1
Delhi,Plastic,3407,82,14376,10,Composting,2802,4,74509,2021,30.2591,91.9376,1436.84690059149,2
Delhi,Organic,9617,36,14376,6,Recycling,2676,5,74509,2021,30.2591,91.9376,1436.84690059149,2
Delhi,E-Waste,1426,38,14376,5,Composting,1674,2,74509,2021,30.2591,91.9376,1436.84690059149,2
Delhi,Construction,8566,34,14376,8,Landfill,2594,19,74509,2021,30.2591,91.9376,1436.84690059149,2
Delhi,Hazardous,2873,76,14376,8,Incineration,1904,16,74509,2021,30.2591,91.9376,1436.84690059149,2
Delhi,Plastic,6770,66,14376,10,Landfill,3496,2,74509,2022,30.2591,91.9376,1436.84690059149,3
Delhi,Organic,8105,40,14376,8,Recycling,3175,12,74509,2022,30.2591,91.9376,1436.84690059149,3
Delhi,E-Waste,6564,72,14376,7,Recycling,4437,13,74509,2022,30.2591,91.9376,1436.84690059149,3
Delhi,Construction,7226,48,14376,8,Incineration,2360,11,74509,2022,30.2591,91.9376,1436.84690059149,3
Delhi,Hazardous,3464,32,14376,6,Incineration,2523,1,74509,2022,30.2591,91.9376,1436.84690059149,3
Delhi,Plastic,2397,67,14376,9,Landfill,3644,0,74509,2023,30.2591,91.9376,1436.84690059149,4
Delhi,Organic,9092,71,14376,6,Landfill,2194,14,74509,2023,30.2591,91.9376,1436.84690059149,4
Delhi,E-Waste,7257,32,14376,5,Incineration,3259,5,74509,2023,30.2591,91.9376,1436.84690059149,4
Delhi,Construction,8220,66,14376,6,Incineration,1687,10,74509,2023,30.2591,91.9376,1436.84690059149,4
Delhi,Hazardous,3054,32,14376,9,Landfill,1135,7,74509,2023,30.2591,91.9376,1436.84690059149,4
Bengaluru,Plastic,7843,36,18195,10,Incineration,4211,13,52609,2019,15.7581,85.4837,905.4561934390521,0
Bengaluru,Organic,8884,32,18195,6,Incineration,4262,17,52609,2019,15.7581,85.4837,905.4561934390521,0
Bengaluru,E-Waste,2167,61,18195,6,Recycling,4554,0,52609,2019,15.7581,85.4837,905.4561934390521,0
Bengaluru,Construction,4750,31,18195,7,Composting,4444,2,52609,2019,15.7581,85.4837,905.4561934390521,0
Bengaluru,Hazardous,8952,43,18195,5,Recycling,2956,0,52609,2019,15.7581,85.4837,905.4561934390521,0
Bengaluru,Plastic,7075,84,18195,6,Incineration,4993,15,52609,2020,15.7581,85.4837,905.4561934390521,1
Bengaluru,Organic,3653,83,18195,5,Composting,3975,1,52609,2020,15.7581,85.4837,905.4561934390521,1
Bengaluru,E-Waste,5477,40,18195,10,Incineration,3064,14,52609,2020,15.7581,85.4837,905.4561934390521,1
Bengaluru,Construction,6105,83,18195,6,Incineration,2320,18,52609,2020,15.7581,85.4837,905.4561934390521,1
Bengaluru,Hazardous,941,63,18195,5,Landfill,3733,6,52609,2020,15.7581,85.4837,905.4561934390521,1
Bengaluru,Plastic,798,36,18195,8,Incineration,2456,11,52609,2021,15.7581,85.4837,905.4561934390521,2
Bengaluru,Organic,994,51,18195,6,Recycling,2169,15,52609,2021,15.7581,85.4837,905.4561934390521,2
Bengaluru,E-Waste,8114,56,18195,8,Recycling,4323,6,52609,2021,15.7581,85.4837,905.4561934390521,2
Bengaluru,Construction,6555,34,18195,7,Composting,2973,17,52609,2021,15.7581,85.4837,905.4561934390521,2
Bengaluru,Hazardous,4008,47,18195,10,Incineration,3873,5,52609,2021,15.7581,85.4837,905.4561934390521,2
Bengaluru,Plastic,3739,43,18195,5,Recycling,2073,9,52609,2022,15.7581,85.4837,905.4561934390521,3
Bengaluru,Organic,909,54,18195,10,Composting,1000,20,52609,2022,15.7581,85.4837,905.4561934390521,3
Bengaluru,E-Waste,5864,51,18195,9,Landfill,4645,19,52609,2022,15.7581,85.4837,905.4561934390521,3
Bengaluru,Construction,512,65,18195,6,Incineration,3796,17,52609,2022,15.7581,85.4837,905.4561934390521,3
Bengaluru,Hazardous,902,85,18195,7,Landfill,1379,14,52609,2022,15.7581,85.4837,905.4561934390521,3
Bengaluru,Plastic,5280,68,18195,9,Landfill,2386,10,52609,2023,15.7581,85.4837,905.4561934390521,4
Bengaluru,Organic,7135,79,18195,5,Incineration,3919,17,52609,2023,15.7581,85.4837,905.4561934390521,4
Bengaluru,E-Waste,7667,81,18195,6,Landfill,2745,10,52609,2023,15.7581,85.4837,905.4561934390521,4
Bengaluru,Construction,3159,43,18195,10,Recycling,4007,7,52609,2023,15.7581,85.4837,905.4561934390521,4
Bengaluru,Hazardous,5891,59,18195,7,Incineration,2202,15,52609,2023,15.7581,85.4837,905.4561934390521,4
Chennai,Plastic,6159,74,21430,10,Composting,3282,13,65486,2019,29.4633,80.8873,1815.1796892871828,0
Chennai,Organic,6358,53,21430,5,Composting,4225,1,65486,2019,29.4633,80.8873,1815.1796892871828,0
Chennai,E-Waste,6787,50,21430,5,Landfill,1623,7,65486,2019,29.4633,80.8873,1815.1796892871828,0
Chennai,Construction,628,41,21430,10,Recycling,837,7,65486,2019,29.4633,80.8873,1815.1796892871828,0
Chennai,Hazardous,1639,50,21430,9,Composting,3225,19,65486,2019,29.4633,80.8873,1815.1796892871828,0
Chennai,Plastic,1760,68,21430,8,Incineration,2871,18,65486,2020,29.4633,80.8873,1815.1796892871828,1
Chennai,Organic,6805,32,21430,5,Composting,1988,3,65486,2020,29.4633,80.8873,1815.1796892871828,1
Chennai,E-Waste,5763,67,21430,5,Landfill,1453,0,65486,2020,29.4633,80.8873,1815.1796892871828,1
Chennai,Construction,8100,76,21430,9,Incineration,2855,1,65486,2020,29.4633,80.8873,1815.1796892871828,1
Chennai,Hazardous,651,46,21430,8,Recycling,533,7,65486,2020,29.4633,80.8873,1815.1796892871828,1
Chennai,Plastic,4648,60,21430,9,Landfill,1389,0,65486,2021,29.4633,80.8873,1815.1796892871828,2
Chennai,Organic,8394,72,21430,6,Incineration,4236,15,65486,2021,29.4633,80.8873,1815.1796892871828,2
Chennai,E-Waste,4255,31,21430,6,Landfill,3888,17,65486,2021,29.4633,80.8873,1815.1796892871828,2
Chennai,Construction,4259,65,21430,7,Composting,1620,10,65486,2021,29.4633,80.8873,1815.1796892871828,2
Chennai,Hazardous,552,31,21430,7,Incineration,2450,2,65486,2021,29.4633,80.8873,1815.1796892871828,2
Chennai,Plastic,1858,61,21430,5,Incineration,4476,3,65486,2022,29.4633,80.8873,1815.1796892871828,3
Chennai,Organic,5933,71,21430,8,Recycling,3180,20,65486,2022,29.4633,80.8873,1815.1796892871828,3
Chennai,E-Waste,7231,36,21430,7,Incineration,3588,12,65486,2022,29.4633,80.8873,1815.1796892871828,3
Chennai,Construction,8389,79,21430,10,Incineration,3449,20,65486,2022,29.4633,80.8873,1815.1796892871828,3
Chennai,Hazardous,6393,53,21430,7,Landfill,764,16,65486,2022,29.4633,80.8873,1815.1796892871828,3
Chennai,Plastic,4234,44,21430,8,Composting,3634,19,65486,2023,29.4633,80.8873,1815.1796892871828,4
Chennai,Organic,7743,64,21430,7,Recycling,2483,20,65486,2023,29.4633,80.8873,1815.1796892871828,4
Chennai,E-Waste,618,85,21430,6,Incineration,1982,15,65486,2023,29.4633,80.8873,1815.1796892871828,4
Chennai,Construction,4852,69,21430,5,Recycling,4411,8,65486,2023,29.4633,80.8873,1815.1796892871828,4
Chennai,Hazardous,3096,45,21430,8,Composting,896,19,65486,2023,29.4633,80.8873,1815.1796892871828,4
Kolkata,Plastic,7992,32,17335,9,Composting,2038,20,80985,2019,16.068,72.6096,1803.2815293914036,0
Kolkata,Organic,8041,71,17335,6,Composting,4200,6,80985,2019,16.068,72.6096,1803.2815293914036,0
Kolkata,E-Waste,812,50,17335,10,Recycling,3118,16,80985,2019,16.068,72.6096,1803.2815293914036,0
Kolkata,Construction,4954,63,17335,10,Incineration,1135,14,80985,2019,16.068,72.6096,1803.2815293914036,0
Kolkata,Hazardous,626,53,17335,5,Recycling,4504,6,80985,2019,16.068,72.6096,1803.2815293914036,0
Kolkata,Plastic,1569,52,17335,10,Composting,2719,4,80985,2020,16.068,72.6096,1803.2815293914036,1
Kolkata,Organic,6472,74,17335,5,Landfill,3328,14,80985,2020,16.068,72.6096,1803.2815293914036,1
Kolkata,E-Waste,6409,50,17335,9,Composting,1796,11,80985,2020,16.068,72.6096,1803.2815293914036,1
Kolkata,Construction,2509,60,17335,5,Composting,2411,20,80985,2020,16.068,72.6096,1803.2815293914036,1
Kolkata,Hazardous,5709,58,17335,10,Incineration,4414,3,80985,2020,16.068,72.6096,1803.2815293914036,1
Kolkata,Plastic,3627,67,17335,6,Incineration,4952,16,80985,2021,16.068,72.6096,1803.2815293914036,2
Kolkata,Organic,9186,35,17335,6,Landfill,4649,9,80985,2021,16.068,72.6096,1803.2815293914036,2
Kolkata,E-Waste,2735,54,17335,8,Composting,2923,1,80985,2021,16.068,72.6096,1803.2815293914036,2
Kolkata,Construction,1989,45,17335,7,Recycling,2795,8,80985,2021,16.068,72.6096,1803.2815293914036,2
Kolkata,Hazardous,2740,34,17335,8,Recycling,1795,7,80985,2021,16.068,72.6096,1803.2815293914036,2
Kolkata,Plastic,1267,51,17335,7,Incineration,4565,9,80985,2022,16.068,72.6096,1803.2815293914036,3
Kolkata,Organic,545,61,17335,5,Landfill,4082,13,80985,2022,16.068,72.6096,1803.2815293914036,3
Kolkata,E-Waste,1714,81,17335,7,Composting,2394,11,80985,2022,16.068,72.6096,1803.2815293914036,3
Kolkata,Construction,7568,65,17335,5,Incineration,3770,0,80985,2022,16.068,72.6096,1803.2815293914036,3
Kolkata,Hazardous,8057,32,17335,5,Composting,2400,3,80985,2022,16.068,72.6096,1803.2815293914036,3
Kolkata,Plastic,6343,80,17335,7,Recycling,1064,17,80985,2023,16.068,72.6096,1803.2815293914036,4
Kolkata,Organic,1654,71,17335,10,Incineration,2348,11,80985,2023,16.068,72.6096,1803.2815293914036,4
Kolkata,E-Waste,9639,60,17335,10,Landfill,2743,11,80985,2023,16.068,72.6096,1803.2815293914036,4
Kolkata,Construction,4040,77,17335,6,Landfill,2119,16,80985,2023,16.068,72.6096,1803.2815293914036,4
Kolkata,Hazardous,956,81,17335,9,Landfill,673,10,80985,2023,16.068,72.6096,1803.2815293914036,4
Hyderabad,Plastic,5089,66,7927,6,Recycling,1103,10,34239,2019,34.069,82.1518,1883.5926453417799,0
Hyderabad,Organic,588,32,7927,6,Incineration,3131,5,34239,2019,34.069,82.1518,1883.5926453417799,0
Hyderabad,E-Waste,6487,37,7927,9,Incineration,2065,0,34239,2019,34.069,82.1518,1883.5926453417799,0
Hyderabad,Construction,2163,52,7927,5,Incineration,2206,7,34239,2019,34.069,82.1518,1883.5926453417799,0
Hyderabad,Hazardous,1887,48,7927,7,Composting,3526,17,34239,2019,34.069,82.1518,1883.5926453417799,0
Hyderabad,Plastic,3899,59,7927,7,Incineration,2812,5,34239,2020,34.069,82.1518,1883.5926453417799,1
Hyderabad,Organic,7422,73,7927,9,Landfill,3646,19,34239,2020,34.069,82.1518,1883.5926453417799,1
Hyderabad,E-Waste,2765,39,7927,7,Recycling,1602,15,34239,2020,34.069,82.1518,1883.5926453417799,1
Hyderabad,Construction,5337,72,7927,7,Composting,4205,2,34239,2020,34.069,82.1518,1883.5926453417799,1
Hyderabad,Hazardous,1713,85,7927,5,Incineration,4307,17,34239,2020,34.069,82.1518,1883.5926453417799,1
Hyderabad,Plastic,7858,79,7927,7,Composting,3494,8,34239,2021,34.069,82.1518,1883.5926453417799,2
Hyderabad,Organic,6905,46,7927,5,Incineration,1624,2,34239,2021,34.069,82.1518,1883.5926453417799,2
Hyderabad,E-Waste,1285,72,7927,9,Incineration,1411,19,34239,2021,34.069,82.1518,1883.5926453417799,2
Hyderabad,Construction,805,34,7927,6,Recycling,1077,11,34239,2021,34.069,82.1518,1883.5926453417799,2
Hyderabad,Hazardous,742,83,7927,5,Composting,2985,12,34239,2021,34.069,82.1518,1883.5926453417799,2
Hyderabad,Plastic,5774,48,7927,6,Incineration,3095,7,34239,2022,34.069,82.1518,1883.5926453417799,3
Hyderabad,Organic,1013,80,7927,8,Composting,823,3,34239,2022,34.069,82.1518,1883.5926453417799,3
Hyderabad,E-Waste,708,42,7927,6,Landfill,1987,0,34239,2022,34.069,82.1518,1883.5926453417799,3
Hyderabad,Construction,2667,39,7927,6,Incineration,4911,4,34239,2022,34.069,82.1518,1883.5926453417799,3
Hyderabad,Hazardous,8430,82,7927,7,Landfill,706,3,34239,2022,34.069,82.1518,1883.5926453417799,3
Hyderabad,Plastic,4495,51,7927,5,Composting,1787,10,34239,2023,34.069,82.1518,1883.5926453417799,4
Hyderabad,Organic,1514,44,7927,7,Incineration,4521,3,34239,2023,34.069,82.1518,1883.5926453417799,4
Hyderabad,E-Waste,1598,61,7927,8,Landfill,3658,4,34239,2023,34.069,82.1518,1883.5926453417799,4
Hyderabad,Construction,4204,31,7927,8,Incineration,2208,8,34239,2023,34.069,82.1518,1883.5926453417799,4
Hyderabad,Hazardous,4592,69,7927,10,Composting,4701,12,34239,2023,34.069,82.1518,1883.5926453417799,4
Pune,Plastic,8897,48,12547,6,Incineration,4355,15,49524,2019,28.7237,84.2278,1546.403413972028,0
Pune,Organic,8028,68,12547,8,Composting,3502,19,49524,2019,28.7237,84.2278,1546.403413972028,0
Pune,E-Waste,3125,36,12547,7,Recycling,969,14,49524,2019,28.7237,84.2278,1546.403413972028,0
Pune,Construction,9857,62,12547,7,Landfill,2667,12,49524,2019,28.7237,84.2278,1546.403413972028,0
Pune,Hazardous,5547,46,12547,7,Composting,1229,11,49524,2019,28.7237,84.2278,1546.403413972028,0
Pune,Plastic,2280,52,12547,9,Landfill,2575,6,49524,2020,28.7237,84.2278,1546.403413972028,1
Pune,Organic,1926,53,12547,9,Recycling,3238,19,49524,2020,28.7237,84.2278,1546.403413972028,1
Pune,E-Waste,8098,36,12547,9,Incineration,2009,5,49524,2020,28.7237,84.2278,1546.403413972028,1
Pune,Construction,1089,85,12547,6,Composting,798,14,49524,2020,28.7237,84.2278,1546.403413972028,1
Pune,Hazardous,8742,61,12547,5,Landfill,2713,13,49524,2020,28.7237,84.2278,1546.403413972028,1
Pune,Plastic,4485,66,12547,8,Landfill,3069,11,49524,2021,28.7237,84.2278,1546.403413972028,2
Pune,Organic,6145,44,12547,5,Composting,1707,6,49524,2021,28.7237,84.2278,1546.403413972028,2
Pune,E-Waste,8407,61,12547,6,Composting,3974,3,49524,2021,28.7237,84.2278,1546.403413972028,2
Pune,Construction,511,33,12547,5,Recycling,1998,6,49524,2021,28.7237,84.2278,1546.403413972028,2
Pune,Hazardous,1623,57,12547,5,Composting,3589,20,49524,2021,28.7237,84.2278,1546.403413972028,2
Pune,Plastic,3578,39,12547,7,Recycling,2681,11,49524,2022,28.7237,84.2278,1546.403413972028,3
Pune,Organic,7921,69,12547,7,Incineration,3569,7,49524,2022,28.7237,84.2278,1546.403413972028,3
Pune,E-Waste,9741,75,12547,10,Incineration,4988,1,49524,2022,28.7237,84.2278,1546.403413972028,3
Pune,Construction,4804,36,12547,6,Composting,3338,13,49524,2022,28.7237,84.2278,1546.403413972028,3
Pune,Hazardous,8508,55,12547,10,Incineration,3321,7,49524,2022,28.7237,84.2278,1546.403413972028,3
Pune,Plastic,5594,76,12547,5,Landfill,4656,8,49524,2023,28.7237,84.2278,1546.403413972028,4
Pune,Organic,3851,83,12547,6,Recycling,3334,12,49524,2023,28.7237,84.2278,1546.403413972028,4
Pune,E-Waste,8611,30,12547,9,Incineration,1359,5,49524,2023,28.7237,84.2278,1546.403413972028,4
Pune,Construction,2012,45,12547,10,Landfill,2368,6,49524,2023,28.7237,84.2278,1546.403413972028,4
Pune,Hazardous,9234,31,12547,7,Landfill,2438,15,49524,2023,28.7237,84.2278,1546.403413972028,4
Ahmedabad,Plastic,9807,67,9464,5,Landfill,4632,17,69399,2019,19.3868,72.7845,402.88349801690833,0
Ahmedabad,Organic,1302,56,9464,9,Recycling,673,19,69399,2019,19.3868,72.7845,402.88349801690833,0
Ahmedabad,E-Waste,6409,76,9464,7,Incineration,2025,2,69399,2019,19.3868,72.7845,402.88349801690833,0
Ahmedabad,Construction,5933,68,9464,8,Landfill,2882,7,69399,2019,19.3868,72.7845,402.88349801690833,0
Ahmedabad,Hazardous,2686,81,9464,9,Incineration,1638,9,69399,2019,19.3868,72.7845,402.88349801690833,0
Ahmedabad,Plastic,5578,55,9464,6,Recycling,2669,12,69399,2020,19.3868,72.7845,402.88349801690833,1
Ahmedabad,Organic,929,54,9464,6,Incineration,578,12,69399,2020,19.3868,72.7845,402.88349801690833,1
Ahmedabad,E-Waste,2118,57,9464,5,Composting,3419,11,69399,2020,19.3868,72.7845,402.88349801690833,1
Ahmedabad,Construction,1658,81,9464,7,Composting,2089,15,69399,2020,19.3868,72.7845,402.88349801690833,1
Ahmedabad,Hazardous,3762,69,9464,7,Incineration,4671,11,69399,2020,19.3868,72.7845,402.88349801690833,1
Ahmedabad,Plastic,4012,58,9464,7,Landfill,3619,19,69399,2021,19.3868,72.7845,402.88349801690833,2
Ahmedabad,Organic,7895,78,9464,5,Landfill,4526,20,69399,2021,19.3868,72.7845,402.88349801690833,2
Ahmedabad,E-Waste,7663,74,9464,5,Landfill,4370,4,69399,2021,19.3868,72.7845,402.88349801690833,2
Ahmedabad,Construction,4118,79,9464,10,Landfill,2440,19,69399,2021,19.3868,72.7845,402.88349801690833,2
Ahmedabad,Hazardous,5791,43,9464,9,Incineration,4871,19,69399,2021,19.3868,72.7845,402.88349801690833,2
Ahmedabad,Plastic,1334,55,9464,8,Composting,1390,1,69399,2022,19.3868,72.7845,402.88349801690833,3
Ahmedabad,Organic,3467,42,9464,10,Composting,2845,19,69399,2022,19.3868,72.7845,402.88349801690833,3
Ahmedabad,E-Waste,2458,58,9464,7,Landfill,1591,4,69399,2022,19.3868,72.7845,402.88349801690833,3
Ahmedabad,Construction,690,30,9464,6,Composting,2807,8,69399,2022,19.3868,72.7845,402.88349801690833,3
Ahmedabad,Hazardous,4104,83,9464,9,Incineration,3750,5,69399,2022,19.3868,72.7845,402.88349801690833,3
Ahmedabad,Plastic,9593,38,9464,10,Recycling,3688,15,69399,2023,19.3868,72.7845,402.88349801690833,4
Ahmedabad,Organic,3814,69,9464,7,Recycling,3256,0,69399,2023,19.3868,72.7845,402.88349801690833,4
Ahmedabad,E-Waste,2978,30,9464,5,Incineration,1070,10,69399,2023,19.3868,72.7845,402.88349801690833,4
Ahmedabad,Construction,8892,54,9464,5,Composting,2781,20,69399,2023,19.3868,72.7845,402.88349801690833,4
Ahmedabad,Hazardous,7540,78,9464,6,Recycling,3134,7,69399,2023,19.3868,72.7845,402.88349801690833,4
Jaipur,Plastic,5518,33,2335,5,Incineration,835,2,71127,2019,11.6909,94.4267,2576.9122354825076,0
Jaipur,Organic,6249,44,2335,7,Composting,2634,8,71127,2019,11.6909,94.4267,2576.9122354825076,0
Jaipur,E-Waste,5899,68,2335,5,Incineration,1058,14,71127,2019,11.6909,94.4267,2576.9122354825076,0
Jaipur,Construction,3452,48,2335,7,Recycling,4230,14,71127,2019,11.6909,94.4267,2576.9122354825076,0
Jaipur,Hazardous,4108,31,2335,9,Landfill,3132,2,71127,2019,11.6909,94.4267,2576.9122354825076,0
Jaipur,Plastic,9183,55,2335,6,Landfill,1898,12,71127,2020,11.6909,94.4267,2576.9122354825076,1
Jaipur,Organic,6175,80,2335,9,Recycling,765,19,71127,2020,11.6909,94.4267,2576.9122354825076,1
Jaipur,E-Waste,9774,51,2335,10,Incineration,1909,7,71127,2020,11.6909,94.4267,2576.9122354825076,1
Jaipur,Construction,7448,81,2335,9,Landfill,3668,0,71127,2020,11.6909,94.4267,2576.9122354825076,1
Jaipur,Hazardous,9780,63,2335,9,Composting,2809,3,71127,2020,11.6909,94.4267,2576.9122354825076,1
Jaipur,Plastic,6413,63,2335,10,Recycling,3165,20,71127,2021,11.6909,94.4267,2576.9122354825076,2
Jaipur,Organic,1018,70,2335,8,Recycling,4760,10,71127,2021,11.6909,94.4267,2576.9122354825076,2
Jaipur,E-Waste,4152,65,2335,7,Recycling,657,5,71127,2021,11.6909,94.4267,2576.9122354825076,2
Jaipur,Construction,9976,59,2335,5,Incineration,2344,15,71127,2021,11.6909,94.4267,2576.9122354825076,2
Jaipur,Hazardous,5281,36,2335,9,Incineration,1944,10,71127,2021,11.6909,94.4267,2576.9122354825076,2
Jaipur,Plastic,8379,55,2335,9,Landfill,2826,19,71127,2022,11.6909,94.4267,2576.9122354825076,3
Jaipur,Organic,8991,49,2335,9,Landfill,4032,15,71127,2022,11.6909,94.4267,2576.9122354825076,3
Jaipur,E-Waste,3448,85,2335,10,Landfill,1049,3,71127,2022,11.6909,94.4267,2576.9122354825076,3
Jaipur,Construction,9043,54,2335,9,Composting,4211,19,71127,2022,11.6909,94.4267,2576.9122354825076,3
Jaipur,Hazardous,8600,60,2335,7,Incineration,3201,1,71127,2022,11.6909,94.4267,2576.9122354825076,3
Jaipur,Plastic,5068,53,2335,6,Composting,3801,11,71127,2023,11.6909,94.4267,2576.9122354825076,4
Jaipur,Organic,6958,65,2335,5,Composting,1632,6,71127,2023,11.6909,94.4267,2576.9122354825076,4
Jaipur,E-Waste,2534,45,2335,5,Composting,1614,15,71127,2023,11.6909,94.4267,2576.9122354825076,4
Jaipur,Construction,5821,79,2335,9,Landfill,3734,1,71127,2023,11.6909,94.4267,2576.9122354825076,4
Jaipur,Hazardous,4527,67,2335,7,Composting,2453,9,71127,2023,11.6909,94.4267,2576.9122354825076,4
Lucknow,Plastic,9719,47,23465,7,Incineration,1414,11,80251,2019,10.3904,81.8808,1824.594801944535,0
Lucknow,Organic,3449,55,23465,6,Landfill,4823,12,80251,2019,10.3904,81.8808,1824.594801944535,0
Lucknow,E-Waste,9765,52,23465,10,Recycling,2068,15,80251,2019,10.3904,81.8808,1824.594801944535,0
Lucknow,Construction,4061,53,23465,8,Incineration,1863,17,80251,2019,10.3904,81.8808,1824.594801944535,0
Lucknow,Hazardous,5427,49,23465,9,Landfill,1299,16,80251,2019,10.3904,81.8808,1824.594801944535,0
Lucknow,Plastic,9676,30,23465,9,Recycling,527,16,80251,2020,10.3904,81.8808,1824.594801944535,1
Lucknow,Organic,974,33,23465,10,Landfill,1791,2,80251,2020,10.3904,81.8808,1824.594801944535,1
Lucknow,E-Waste,8698,71,23465,5,Landfill,4353,10,80251,2020,10.3904,81.8808,1824.594801944535,1
Lucknow,Construction,979,56,23465,5,Landfill,3187,8,80251,2020,10.3904,81.8808,1824.594801944535,1
Lucknow,Hazardous,6425,52,23465,8,Incineration,2200,8,80251,2020,10.3904,81.8808,1824.594801944535,1
Lucknow,Plastic,5485,69,23465,9,Recycling,1887,17,80251,2021,10.3904,81.8808,1824.594801944535,2
Lucknow,Organic,4261,36,23465,6,Incineration,1107,19,80251,2021,10.3904,81.8808,1824.594801944535,2
Lucknow,E-Waste,2281,45,23465,8,Landfill,4891,7,80251,2021,10.3904,81.8808,1824.594801944535,2
Lucknow,Construction,4060,77,23465,6,Landfill,1363,20,80251,2021,10.3904,81.8808,1824.594801944535,2
Lucknow,Hazardous,6073,36,23465,7,Landfill,4873,6,80251,2021,10.3904,81.8808,1824.594801944535,2
Lucknow,Plastic,8714,53,23465,9,Incineration,4265,11,80251,2022,10.3904,81.8808,1824.594801944535,3
Lucknow,Organic,9845,55,23465,9,Recycling,3000,7,80251,2022,10.3904,81.8808,1824.594801944535,3
Lucknow,E-Waste,9114,36,23465,5,Recycling,3126,2,80251,2022,10.3904,81.8808,1824.594801944535,3
Lucknow,Construction,5748,73,23465,7,Composting,3385,4,80251,2022,10.3904,81.8808,1824.594801944535,3
Lucknow,Hazardous,3455,81,23465,10,Composting,2559,15,80251,2022,10.3904,81.8808,1824.594801944535,3
Lucknow,Plastic,9404,75,23465,9,Composting,1263,9,80251,2023,10.3904,81.8808,1824.594801944535,4
Lucknow,Organic,8622,42,23465,6,Recycling,2945,20,80251,2023,10.3904,81.8808,1824.594801944535,4
Lucknow,E-Waste,5529,50,23465,9,Composting,1973,16,80251,2023,10.3904,81.8808,1824.594801944535,4
Lucknow,Construction,3693,67,23465,7,Incineration,3089,3,80251,2023,10.3904,81.8808,1824.594801944535,4
Lucknow,Hazardous,6895,70,23465,5,Landfill,2047,18,80251,2023,10.3904,81.8808,1824.594801944535,4
Surat,Plastic,8754,47,24032,7,Landfill,4074,11,38471,2019,32.805,89.0238,2055.901234139067,0
Surat,Organic,4071,45,24032,9,Landfill,1912,12,38471,2019,32.805,89.0238,2055.901234139067,0
Surat,E-Waste,5878,40,24032,7,Recycling,4904,6,38471,2019,32.805,89.0238,2055.901234139067,0
Surat,Construction,2465,35,24032,5,Incineration,3305,11,38471,2019,32.805,89.0238,2055.901234139067,0
Surat,Hazardous,1873,70,24032,9,Recycling,3643,2,38471,2019,32.805,89.0238,2055.901234139067,0
Surat,Plastic,9318,66,24032,5,Incineration,3163,4,38471,2020,32.805,89.0238,2055.901234139067,1
Surat,Organic,4320,66,24032,8,Composting,4625,15,38471,2020,32.805,89.0238,2055.901234139067,1
Surat,E-Waste,3662,76,24032,5,Landfill,2282,1,38471,2020,32.805,89.0238,2055.901234139067,1
Surat,Construction,711,60,24032,7,Landfill,4375,19,38471,2020,32.805,89.0238,2055.901234139067,1
Surat,Hazardous,3540,51,24032,7,Landfill,4362,4,38471,2020,32.805,89.0238,2055.901234139067,1
Surat,Plastic,1690,55,24032,5,Incineration,799,9,38471,2021,32.805,89.0238,2055.901234139067,2
Surat,Organic,7629,64,24032,9,Landfill,617,13,38471,2021,32.805,89.0238,2055.901234139067,2
Surat,E-Waste,7181,75,24032,7,Composting,870,3,38471,2021,32.805,89.0238,2055.901234139067,2
Surat,Construction,2964,64,24032,6,Landfill,1093,10,38471,2021,32.805,89.0238,2055.901234139067,2
Surat,Hazardous,7457,49,24032,8,Composting,1591,12,38471,2021,32.805,89.0238,2055.901234139067,2
Surat,Plastic,8273,39,24032,5,Composting,2375,4,38471,2022,32.805,89.0238,2055.901234139067,3
Surat,Organic,3841,82,24032,6,Landfill,873,5,38471,2022,32.805,89.0238,2055.901234139067,3
Surat,E-Waste,6680,31,24032,6,Composting,3367,14,38471,2022,32.805,89.0238,2055.901234139067,3
Surat,Construction,9396,61,24032,10,Landfill,3159,11,38471,2022,32.805,89.0238,2055.901234139067,3
Surat,Hazardous,9819,71,24032,6,Recycling,3335,0,38471,2022,32.805,89.0238,2055.901234139067,3
Surat,Plastic,7045,36,24032,7,Incineration,4404,13,38471,2023,32.805,89.0238,2055.901234139067,4
Surat,Organic,7984,36,24032,9,Composting,3024,2,38471,2023,32.805,89.0238,2055.901234139067,4
Surat,E-Waste,4476,83,24032,5,Incineration,4780,9,38471,2023,32.805,89.0238,2055.901234139067,4
Surat,Construction,8728,46,24032,10,Incineration,739,13,38471,2023,32.805,89.0238,2055.901234139067,4
Surat,Hazardous,5131,52,24032,6,Incineration,4379,5,38471,2023,32.805,89.0238,2055.901234139067,4
Kanpur,Plastic,9164,46,18697,8,Incineration,3975,13,22690,2019,13.0189,89.182,1752.8860605500684,0
Kanpur,Organic,7073,31,18697,8,Landfill,1308,15,22690,2019,13.0189,89.182,1752.8860605500684,0
Kanpur,E-Waste,3244,48,18697,10,Landfill,2550,15,22690,2019,13.0189,89.182,1752.8860605500684,0
Kanpur,Construction,1894,61,18697,5,Recycling,4219,9,22690,2019,13.0189,89.182,1752.8860605500684,0
Kanpur,Hazardous,765,76,18697,8,Recycling,3043,2,22690,2019,13.0189,89.182,1752.8860605500684,0
Kanpur,Plastic,7631,30,18697,10,Composting,1798,0,22690,2020,13.0189,89.182,1752.8860605500684,1
Kanpur,Organic,5690,31,18697,7,Incineration,916,14,22690,2020,13.0189,89.182,1752.8860605500684,1
Kanpur,E-Waste,1151,58,18697,8,Recycling,1324,5,22690,2020,13.0189,89.182,1752.8860605500684,1
Kanpur,Construction,3512,33,18697,9,Landfill,600,13,22690,2020,13.0189,89.182,1752.8860605500684,1
Kanpur,Hazardous,3659,85,18697,10,Composting,967,19,22690,2020,13.0189,89.182,1752.8860605500684,1
Kanpur,Plastic,1685,32,18697,6,Composting,4424,12,22690,2021,13.0189,89.182,1752.8860605500684,2
Kanpur,Organic,2380,51,18697,6,Landfill,3237,18,22690,2021,13.0189,89.182,1752.8860605500684,2
Kanpur,E-Waste,2425,67,18697,6,Recycling,2881,11,22690,2021,13.0189,89.182,1752.8860605500684,2
Kanpur,Construction,2175,49,18697,5,Landfill,4912,20,22690,2021,13.0189,89.182,1752.8860605500684,2
Kanpur,Hazardous,9047,65,18697,6,Recycling,4499,12,22690,2021,13.0189,89.182,1752.8860605500684,2
Kanpur,Plastic,7509,84,18697,9,Incineration,2977,0,22690,2022,13.0189,89.182,1752.8860605500684,3
Kanpur,Organic,4907,35,18697,10,Landfill,1193,14,22690,2022,13.0189,89.182,1752.8860605500684,3
Kanpur,E-Waste,8691,36,18697,9,Recycling,2462,14,22690,2022,13.0189,89.182,1752.8860605500684,3
Kanpur,Construction,2431,64,18697,6,Recycling,4364,19,22690,2022,13.0189,89.182,1752.8860605500684,3
Kanpur,Hazardous,9223,67,18697,5,Recycling,902,8,22690,2022,13.0189,89.182,1752.8860605500684,3
Kanpur,Plastic,4064,36,18697,10,Landfill,2196,4,22690,2023,13.0189,89.182,1752.8860605500684,4
Kanpur,Organic,2382,80,18697,8,Landfill,716,2,22690,2023,13.0189,89.182,1752.8860605500684,4
Kanpur,E-Waste,3758,62,18697,6,Composting,2497,20,22690,2023,13.0189,89.182,1752.8860605500684,4
Kanpur,Construction,9586,35,18697,7,Composting,2247,8,22690,2023,13.0189,89.182,1752.8860605500684,4
Kanpur,Hazardous,6429,52,18697,10,Incineration,1129,9,22690,2023,13.0189,89.182,1752.8860605500684,4
Nagpur,Plastic,3771,51,19087,10,Landfill,3717,5,49830,2019,35.7049,71.8706,1759.4915775982406,0
Nagpur,Organic,3596,78,19087,6,Incineration,2010,6,49830,2019,35.7049,71.8706,1759.4915775982406,0
Nagpur,E-Waste,3689,63,19087,9,Recycling,4676,19,49830,2019,35.7049,71.8706,1759.4915775982406,0
Nagpur,Construction,6771,63,19087,8,Composting,3379,13,49830,2019,35.7049,71.8706,1759.4915775982406,0
Nagpur,Hazardous,8145,57,19087,6,Recycling,4243,12,49830,2019,35.7049,71.8706,1759.4915775982406,0
Nagpur,Plastic,6612,31,19087,5,Recycling,1468,17,49830,2020,35.7049,71.8706,1759.4915775982406,1
Nagpur,Organic,1890,52,19087,5,Incineration,4587,1,49830,2020,35.7049,71.8706,1759.4915775982406,1
Nagpur,E-Waste,2774,57,19087,8,Composting,1765,9,49830,2020,35.7049,71.8706,1759.4915775982406,1
Nagpur,Construction,2848,37,19087,5,Composting,3397,9,49830,2020,35.7049,71.8706,1759.4915775982406,1
Nagpur,Hazardous,9161,52,19087,10,Composting,4277,0,49830,2020,35.7049,71.8706,1759.4915775982406,1
Nagpur,Plastic,2872,47,19087,5,Incineration,1084,16,49830,2021,35.7049,71.8706,1759.4915775982406,2
Nagpur,Organic,1799,32,19087,8,Recycling,994,19,49830,2021,35.7049,71.8706,1759.4915775982406,2
Nagpur,E-Waste,1683,52,19087,8,Recycling,928,3,49830,2021,35.7049,71.8706,1759.4915775982406,2
Nagpur,Construction,1312,65,19087,8,Incineration,4213,6,49830,2021,35.7049,71.8706,1759.4915775982406,2
Nagpur,Hazardous,8479,57,19087,5,Incineration,3518,13,49830,2021,35.7049,71.8706,1759.4915775982406,2
Nagpur,Plastic,4929,39,19087,8,Composting,4371,14,49830,2022,35.7049,71.8706,1759.4915775982406,3
Nagpur,Organic,8001,78,19087,7,Landfill,1652,11,49830,2022,35.7049,71.8706,1759.4915775982406,3
Nagpur,E-Waste,4941,42,19087,7,Recycling,1341,13,49830,2022,35.7049,71.8706,1759.4915775982406,3
Nagpur,Construction,7157,54,19087,9,Landfill,3776,16,49830,2022,35.7049,71.8706,1759.4915775982406,3
Nagpur,Hazardous,4487,70,19087,8,Landfill,753,6,49830,2022,35.7049,71.8706,1759.4915775982406,3
Nagpur,Plastic,8211,56,19087,10,Incineration,3459,1,49830,2023,35.7049,71.8706,1759.4915775982406,4
Nagpur,Organic,3087,44,19087,8,Composting,1673,11,49830,2023,35.7049,71.8706,1759.4915775982406,4
Nagpur,E-Waste,2446,34,19087,7,Landfill,3797,19,49830,2023,35.7049,71.8706,1759.4915775982406,4
Nagpur,Construction,7276,84,19087,6,Composting,4414,3,49830,2023,35.7049,71.8706,1759.4915775982406,4
Nagpur,Hazardous,2698,60,19087,6,Composting,4250,13,49830,2023,35.7049,71.8706,1759.4915775982406,4
Patna,Plastic,4649,46,16101,7,Landfill,4941,5,67316,2019,18.5496,94.8411,1268.103461020277,0
Patna,Organic,8814,55,16101,7,Incineration,1093,12,67316,2019,18.5496,94.8411,1268.103461020277,0
Patna,E-Waste,9674,61,16101,9,Composting,4410,6,67316,2019,18.5496,94.8411,1268.103461020277,0
Patna,Construction,2770,38,16101,7,Composting,4725,1,67316,2019,18.5496,94.8411,1268.103461020277,0
Patna,Hazardous,8112,75,16101,8,Landfill,4847,14,67316,2019,18.5496,94.8411,1268.103461020277,0
Patna,Plastic,2480,54,16101,6,Composting,2899,1,67316,2020,18.5496,94.8411,1268.103461020277,1
Patna,Organic,9551,53,16101,10,Recycling,613,2,67316,2020,18.5496,94.8411,1268.103461020277,1
Patna,E-Waste,8893,30,16101,9,Composting,2435,5,67316,2020,18.5496,94.8411,1268.103461020277,1
Patna,Construction,2294,60,16101,7,Composting,1318,12,67316,2020,18.5496,94.8411,1268.103461020277,1
Patna,Hazardous,5732,35,16101,10,Landfill,3828,5,67316,2020,18.5496,94.8411,1268.103461020277,1
Patna,Plastic,7850,30,16101,9,Recycling,2453,0,67316,2021,18.5496,94.8411,1268.103461020277,2
Patna,Organic,8634,78,16101,6,Incineration,2042,15,67316,2021,18.5496,94.8411,1268.103461020277,2
Patna,E-Waste,2971,34,16101,10,Recycling,3891,11,67316,2021,18.5496,94.8411,1268.103461020277,2
Patna,Construction,3937,60,16101,10,Recycling,2798,17,67316,2021,18.5496,94.8411,1268.103461020277,2
Patna,Hazardous,2450,81,16101,6,Composting,2554,9,67316,2021,18.5496,94.8411,1268.103461020277,2
Patna,Plastic,5289,80,16101,6,Composting,4814,2,67316,2022,18.5496,94.8411,1268.103461020277,3
Patna,Organic,2838,64,16101,8,Recycling,2341,9,67316,2022,18.5496,94.8411,1268.103461020277,3
Patna,E-Waste,4581,38,16101,10,Recycling,874,14,67316,2022,18.5496,94.8411,1268.103461020277,3
Patna,Construction,8770,85,16101,5,Landfill,4856,16,67316,2022,18.5496,94.8411,1268.103461020277,3
Patna,Hazardous,9560,50,16101,9,Incineration,3551,12,67316,2022,18.5496,94.8411,1268.103461020277,3
Patna,Plastic,9786,79,16101,8,Landfill,4591,12,67316,2023,18.5496,94.8411,1268.103461020277,4
Patna,Organic,1934,32,16101,6,Recycling,3517,20,67316,2023,18.5496,94.8411,1268.103461020277,4
Patna,E-Waste,7176,61,16101,6,Incineration,4670,16,67316,2023,18.5496,94.8411,1268.103461020277,4
Patna,Construction,3657,41,16101,6,Landfill,2447,15,67316,2023,18.5496,94.8411,1268.103461020277,4
Patna,Hazardous,666,58,16101,6,Composting,2751,9,67316,2023,18.5496,94.8411,1268.103461020277,4
Bhopal,Plastic,4466,83,4071,8,Recycling,3118,17,83130,2019,18.3203,75.8314,571.0395999673593,0
Bhopal,Organic,6799,51,4071,5,Composting,1735,7,83130,2019,18.3203,75.8314,571.0395999673593,0
Bhopal,E-Waste,7350,36,4071,9,Incineration,3424,5,83130,2019,18.3203,75.8314,571.0395999673593,0
Bhopal,Construction,9384,71,4071,5,Landfill,1922,18,83130,2019,18.3203,75.8314,571.0395999673593,0
Bhopal,Hazardous,8117,44,4071,6,Composting,1207,14,83130,2019,18.3203,75.8314,571.0395999673593,0
Bhopal,Plastic,7146,63,4071,10,Composting,2539,16,83130,2020,18.3203,75.8314,571.0395999673593,1
Bhopal,Organic,2797,74,4071,10,Landfill,2013,19,83130,2020,18.3203,75.8314,571.0395999673593,1
Bhopal,E-Waste,9730,59,4071,8,Recycling,3752,10,83130,2020,18.3203,75.8314,571.0395999673593,1
Bhopal,Construction,2396,42,4071,10,Composting,4938,13,83130,2020,18.3203,75.8314,571.0395999673593,1
Bhopal,Hazardous,8644,36,4071,8,Recycling,4560,11,83130,2020,18.3203,75.8314,571.0395999673593,1
Bhopal,Plastic,3735,47,4071,10,Landfill,4938,14,83130,2021,18.3203,75.8314,571.0395999673593,2
Bhopal,Organic,1025,48,4071,10,Composting,503,17,83130,2021,18.3203,75.8314,571.0395999673593,2
Bhopal,E-Waste,2177,52,4071,7,Composting,3857,10,83130,2021,18.3203,75.8314,571.0395999673593,2
Bhopal,Construction,9006,30,4071,9,Recycling,4386,9,83130,2021,18.3203,75.8314,571.0395999673593,2
Bhopal,Hazardous,9834,44,4071,6,Recycling,4541,6,83130,2021,18.3203,75.8314,571.0395999673593,2
Bhopal,Plastic,2220,67,4071,9,Landfill,1402,8,83130,2022,18.3203,75.8314,571.0395999673593,3
Bhopal,Organic,1942,42,4071,9,Landfill,3010,17,83130,2022,18.3203,75.8314,571.0395999673593,3
Bhopal,E-Waste,9089,53,4071,7,Landfill,3699,12,83130,2022,18.3203,75.8314,571.0395999673593,3
Bhopal,Construction,7209,52,4071,5,Recycling,3052,2,83130,2022,18.3203,75.8314,571.0395999673593,3
Bhopal,Hazardous,4153,74,4071,7,Incineration,4045,0,83130,2022,18.3203,75.8314,571.0395999673593,3
Bhopal,Plastic,9364,83,4071,10,Landfill,892,11,83130,2023,18.3203,75.8314,571.0395999673593,4
Bhopal,Organic,1667,72,4071,10,Landfill,1400,10,83130,2023,18.3203,75.8314,571.0395999673593,4
Bhopal,E-Waste,4863,45,4071,9,Incineration,3429,14,83130,2023,18.3203,75.8314,571.0395999673593,4
Bhopal,Construction,6131,50,4071,8,Composting,714,17,83130,2023,18.3203,75.8314,571.0395999673593,4
Bhopal,Hazardous,7203,43,4071,9,Recycling,3001,19,83130,2023,18.3203,75.8314,571.0395999673593,4
Thiruvananthapuram,Plastic,4709,49,18418,8,Landfill,3236,3,30373,2019,17.2935,83.4447,1199.7060036959222,0
Thiruvananthapuram,Organic,8515,64,18418,7,Incineration,4289,5,30373,2019,17.2935,83.4447,1199.7060036959222,0
Thiruvananthapuram,E-Waste,8079,39,18418,6,Recycling,1230,7,30373,2019,17.2935,83.4447,1199.7060036959222,0
Thiruvananthapuram,Construction,9230,73,18418,8,Recycling,957,4,30373,2019,17.2935,83.4447,1199.7060036959222,0
Thiruvananthapuram,Hazardous,8655,61,18418,7,Landfill,1124,0,30373,2019,17.2935,83.4447,1199.7060036959222,0
Thiruvananthapuram,Plastic,4070,83,18418,7,Landfill,4747,1,30373,2020,17.2935,83.4447,1199.7060036959222,1
Thiruvananthapuram,Organic,4982,44,18418,10,Recycling,3279,6,30373,2020,17.2935,83.4447,1199.7060036959222,1
Thiruvananthapuram,E-Waste,2323,84,18418,8,Recycling,907,12,30373,2020,17.2935,83.4447,1199.7060036959222,1
Thiruvananthapuram,Construction,917,35,18418,7,Incineration,1559,14,30373,2020,17.2935,83.4447,1199.7060036959222,1
Thiruvananthapuram,Hazardous,8160,78,18418,5,Landfill,4193,16,30373,2020,17.2935,83.4447,1199.7060036959222,1
Thiruvananthapuram,Plastic,7306,67,18418,5,Landfill,1198,3,30373,2021,17.2935,83.4447,1199.7060036959222,2
Thiruvananthapuram,Organic,3645,54,18418,10,Incineration,2113,18,30373,2021,17.2935,83.4447,1199.7060036959222,2
Thiruvananthapuram,E-Waste,8521,58,18418,5,Composting,2668,14,30373,2021,17.2935,83.4447,1199.7060036959222,2
Thiruvananthapuram,Construction,4348,74,18418,10,Incineration,516,20,30373,2021,17.2935,83.4447,1199.7060036959222,2
Thiruvananthapuram,Hazardous,8086,37,18418,9,Composting,4283,0,30373,2021,17.2935,83.4447,1199.7060036959222,2
Thiruvananthapuram,Plastic,3990,65,18418,10,Recycling,4017,7,30373,2022,17.2935,83.4447,1199.7060036959222,3
Thiruvananthapuram,Organic,3262,70,18418,6,Incineration,2759,14,30373,2022,17.2935,83.4447,1199.7060036959222,3
Thiruvananthapuram,E-Waste,4682,46,18418,9,Incineration,4895,1,30373,2022,17.2935,83.4447,1199.7060036959222,3
Thiruvananthapuram,Construction,5653,48,18418,9,Landfill,2017,7,30373,2022,17.2935,83.4447,1199.7060036959222,3
Thiruvananthapuram,Hazardous,3598,84,18418,10,Landfill,2156,15,30373,2022,17.2935,83.4447,1199.7060036959222,3
Thiruvananthapuram,Plastic,3165,46,18418,9,Recycling,4394,2,30373,2023,17.2935,83.4447,1199.7060036959222,4
Thiruvananthapuram,Organic,8796,81,18418,9,Incineration,2365,1,30373,2023,17.2935,83.4447,1199.7060036959222,4
Thiruvananthapuram,E-Waste,1484,57,18418,9,Recycling,1031,9,30373,2023,17.2935,83.4447,1199.7060036959222,4
Thiruvananthapuram,Construction,5645,48,18418,7,Landfill,3612,17,30373,2023,17.2935,83.4447,1199.7060036959222,4
Thiruvananthapuram,Hazardous,684,34,18418,10,Composting,4166,20,30373,2023,17.2935,83.4447,1199.7060036959222,4
Indore,Plastic,8144,67,2929,9,Composting,3555,5,61142,2019,24.6237,95.1044,1970.71685645768,0
Indore,Organic,9725,81,2929,7,Composting,3629,19,61142,2019,24.6237,95.1044,1970.71685645768,0
Indore,E-Waste,5037,38,2929,10,Recycling,553,2,61142,2019,24.6237,95.1044,1970.71685645768,0
Indore,Construction,9377,54,2929,10,Composting,886,1,61142,2019,24.6237,95.1044,1970.71685645768,0
Indore,Hazardous,5566,78,2929,5,Composting,1566,13,61142,2019,24.6237,95.1044,1970.71685645768,0
Indore,Plastic,9082,78,2929,9,Incineration,4800,16,61142,2020,24.6237,95.1044,1970.71685645768,1
Indore,Organic,6803,69,2929,7,Landfill,1646,8,61142,2020,24.6237,95.1044,1970.71685645768,1
Indore,E-Waste,9293,76,2929,7,Landfill,3839,10,61142,2020,24.6237,95.1044,1970.71685645768,1
Indore,Construction,4596,77,2929,6,Composting,2361,8,61142,2020,24.6237,95.1044,1970.71685645768,1
Indore,Hazardous,1504,78,2929,5,Incineration,1458,2,61142,2020,24.6237,95.1044,1970.71685645768,1
Indore,Plastic,5086,81,2929,10,Composting,3219,0,61142,2021,24.6237,95.1044,1970.71685645768,2
Indore,Organic,725,79,2929,9,Composting,4952,12,61142,2021,24.6237,95.1044,1970.71685645768,2
Indore,E-Waste,6111,66,2929,10,Incineration,2516,0,61142,2021,24.6237,95.1044,1970.71685645768,2
Indore,Construction,4593,55,2929,8,Landfill,3925,0,61142,2021,24.6237,95.1044,1970.71685645768,2
Indore,Hazardous,783,58,2929,9,Recycling,3261,1,61142,2021,24.6237,95.1044,1970.71685645768,2
Indore,Plastic,6251,77,2929,6,Composting,2147,6,61142,2022,24.6237,95.1044,1970.71685645768,3
Indore,Organic,2950,44,2929,8,Composting,1006,1,61142,2022,24.6237,95.1044,1970.71685645768,3
Indore,E-Waste,8734,30,2929,10,Incineration,3781,4,61142,2022,24.6237,95.1044,1970.71685645768,3
Indore,Construction,8915,80,2929,8,Recycling,624,4,61142,2022,24.6237,95.1044,1970.71685645768,3
Indore,Hazardous,5025,36,2929,5,Landfill,3164,12,61142,2022,24.6237,95.1044,1970.71685645768,3
Indore,Plastic,4551,56,2929,7,Incineration,2510,0,61142,2023,24.6237,95.1044,1970.71685645768,4
Indore,Organic,9201,70,2929,9,Recycling,2492,6,61142,2023,24.6237,95.1044,1970.71685645768,4
Indore,E-Waste,4466,74,2929,7,Landfill,4170,5,61142,2023,24.6237,95.1044,1970.71685645768,4
Indore,Construction,814,35,2929,6,Composting,2996,18,61142,2023,24.6237,95.1044,1970.71685645768,4
Indore,Hazardous,7020,79,2929,6,Composting,3768,18,61142,2023,24.6237,95.1044,1970.71685645768,4
Vadodara,Plastic,5125,37,21598,8,Landfill,3475,6,24927,2019,31.3853,71.6585,1016.8311433963094,0
Vadodara,Organic,8038,72,21598,7,Recycling,1843,19,24927,2019,31.3853,71.6585,1016.8311433963094,0
Vadodara,E-Waste,7388,32,21598,7,Recycling,4606,20,24927,2019,31.3853,71.6585,1016.8311433963094,0
Vadodara,Construction,6364,77,21598,6,Incineration,2720,3,24927,2019,31.3853,71.6585,1016.8311433963094,0
Vadodara,Hazardous,5593,33,21598,6,Landfill,1520,5,24927,2019,31.3853,71.6585,1016.8311433963094,0
Vadodara,Plastic,1128,30,21598,7,Incineration,2941,0,24927,2020,31.3853,71.6585,1016.8311433963094,1
Vadodara,Organic,2600,50,21598,5,Incineration,609,8,24927,2020,31.3853,71.6585,1016.8311433963094,1
Vadodara,E-Waste,6120,47,21598,8,Landfill,1084,19,24927,2020,31.3853,71.6585,1016.8311433963094,1
Vadodara,Construction,8236,53,21598,5,Recycling,4879,15,24927,2020,31.3853,71.6585,1016.8311433963094,1
Vadodara,Hazardous,4637,73,21598,8,Recycling,2427,5,24927,2020,31.3853,71.6585,1016.8311433963094,1
Vadodara,Plastic,7724,36,21598,8,Composting,509,11,24927,2021,31.3853,71.6585,1016.8311433963094,2
Vadodara,Organic,9247,48,21598,8,Incineration,683,0,24927,2021,31.3853,71.6585,1016.8311433963094,2
Vadodara,E-Waste,6645,81,21598,7,Composting,2420,17,24927,2021,31.3853,71.6585,1016.8311433963094,2
Vadodara,Construction,8397,75,21598,6,Incineration,2919,16,24927,2021,31.3853,71.6585,1016.8311433963094,2
Vadodara,Hazardous,2986,33,21598,5,Composting,755,17,24927,2021,31.3853,71.6585,1016.8311433963094,2
Vadodara,Plastic,7390,46,21598,5,Incineration,3675,9,24927,2022,31.3853,71.6585,1016.8311433963094,3
Vadodara,Organic,3591,71,21598,5,Recycling,3317,12,24927,2022,31.3853,71.6585,1016.8311433963094,3
Vadodara,E-Waste,4487,46,21598,7,Composting,989,7,24927,2022,31.3853,71.6585,1016.8311433963094,3
Vadodara,Construction,5732,79,21598,6,Incineration,4010,6,24927,2022,31.3853,71.6585,1016.8311433963094,3
Vadodara,Hazardous,2037,35,21598,8,Composting,3000,0,24927,2022,31.3853,71.6585,1016.8311433963094,3
Vadodara,Plastic,1325,60,21598,6,Recycling,3482,20,24927,2023,31.3853,71.6585,1016.8311433963094,4
Vadodara,Organic,2028,85,21598,5,Landfill,2092,8,24927,2023,31.3853,71.6585,1016.8311433963094,4
Vadodara,E-Waste,9199,35,21598,10,Composting,4382,18,24927,2023,31.3853,71.6585,1016.8311433963094,4
Vadodara,Construction,5872,38,21598,8,Incineration,2663,0,24927,2023,31.3853,71.6585,1016.8311433963094,4
Vadodara,Hazardous,6592,45,21598,5,Incineration,4874,20,24927,2023,31.3853,71.6585,1016.8311433963094,4
Guwahati,Plastic,2374,37,22866,5,Recycling,1243,13,60935,2019,19.7894,85.8429,931.1747888462003,0
Guwahati,Organic,8355,47,22866,10,Landfill,4050,6,60935,2019,19.7894,85.8429,931.1747888462003,0
Guwahati,E-Waste,9369,37,22866,9,Landfill,1382,12,60935,2019,19.7894,85.8429,931.1747888462003,0
Guwahati,Construction,8457,79,22866,6,Incineration,1687,7,60935,2019,19.7894,85.8429,931.1747888462003,0
Guwahati,Hazardous,4891,56,22866,5,Recycling,3499,11,60935,2019,19.7894,85.8429,931.1747888462003,0
Guwahati,Plastic,822,80,22866,6,Landfill,4966,13,60935,2020,19.7894,85.8429,931.1747888462003,1
Guwahati,Organic,4079,73,22866,8,Incineration,2246,18,60935,2020,19.7894,85.8429,931.1747888462003,1
Guwahati,E-Waste,4047,58,22866,6,Recycling,4462,3,60935,2020,19.7894,85.8429,931.1747888462003,1
Guwahati,Construction,3438,63,22866,8,Incineration,1247,1,60935,2020,19.7894,85.8429,931.1747888462003,1
Guwahati,Hazardous,3115,46,22866,6,Composting,4252,17,60935,2020,19.7894,85.8429,931.1747888462003,1
Guwahati,Plastic,1484,78,22866,6,Composting,4003,3,60935,2021,19.7894,85.8429,931.1747888462003,2
Guwahati,Organic,4543,79,22866,7,Recycling,3813,13,60935,2021,19.7894,85.8429,931.1747888462003,2
Guwahati,E-Waste,7401,82,22866,9,Incineration,4307,3,60935,2021,19.7894,85.8429,931.1747888462003,2
Guwahati,Construction,9218,84,22866,9,Composting,1433,7,60935,2021,19.7894,85.8429,931.1747888462003,2
Guwahati,Hazardous,7562,74,22866,6,Incineration,3410,18,60935,2021,19.7894,85.8429,931.1747888462003,2
Guwahati,Plastic,6340,47,22866,9,Incineration,2172,3,60935,2022,19.7894,85.8429,931.1747888462003,3
Guwahati,Organic,1976,39,22866,5,Composting,930,8,60935,2022,19.7894,85.8429,931.1747888462003,3
Guwahati,E-Waste,9002,39,22866,8,Recycling,2298,17,60935,2022,19.7894,85.8429,931.1747888462003,3
Guwahati,Construction,9229,69,22866,8,Landfill,728,0,60935,2022,19.7894,85.8429,931.1747888462003,3
Guwahati,Hazardous,3522,70,22866,9,Composting,1428,16,60935,2022,19.7894,85.8429,931.1747888462003,3
Guwahati,Plastic,5833,70,22866,5,Incineration,1084,18,60935,2023,19.7894,85.8429,931.1747888462003,4
Guwahati,Organic,7866,47,22866,7,Incineration,2757,18,60935,2023,19.7894,85.8429,931.1747888462003,4
Guwahati,E-Waste,4726,55,22866,7,Recycling,702,1,60935,2023,19.7894,85.8429,931.1747888462003,4
Guwahati,Construction,1243,47,22866,10,Composting,3422,10,60935,2023,19.7894,85.8429,931.1747888462003,4
Guwahati,Hazardous,9261,66,22866,6,Landfill,2036,1,60935,2023,19.7894,85.8429,931.1747888462003,4
Coimbatore,Plastic,8029,41,12073,8,Recycling,1562,13,98572,2019,31.9729,76.5516,2320.5486900506935,0
Coimbatore,Organic,3277,45,12073,8,Incineration,4870,15,98572,2019,31.9729,76.5516,2320.5486900506935,0
Coimbatore,E-Waste,9389,45,12073,8,Incineration,1177,14,98572,2019,31.9729,76.5516,2320.5486900506935,0
Coimbatore,Construction,1031,36,12073,8,Composting,4921,17,98572,2019,31.9729,76.5516,2320.5486900506935,0
Coimbatore,Hazardous,5816,67,12073,5,Recycling,4556,15,98572,2019,31.9729,76.5516,2320.5486900506935,0
Coimbatore,Plastic,6548,55,12073,7,Landfill,4731,15,98572,2020,31.9729,76.5516,2320.5486900506935,1
Coimbatore,Organic,5804,68,12073,5,Incineration,4100,8,98572,2020,31.9729,76.5516,2320.5486900506935,1
Coimbatore,E-Waste,7649,53,12073,10,Landfill,2381,4,98572,2020,31.9729,76.5516,2320.5486900506935,1
Coimbatore,Construction,953,66,12073,8,Landfill,2355,1,98572,2020,31.9729,76.5516,2320.5486900506935,1
Coimbatore,Hazardous,747,59,12073,7,Recycling,4295,4,98572,2020,31.9729,76.5516,2320.5486900506935,1
Coimbatore,Plastic,6863,75,12073,7,Landfill,2635,13,98572,2021,31.9729,76.5516,2320.5486900506935,2
Coimbatore,Organic,8447,42,12073,5,Composting,2764,17,98572,2021,31.9729,76.5516,2320.5486900506935,2
Coimbatore,E-Waste,4259,81,12073,7,Composting,4070,11,98572,2021,31.9729,76.5516,2320.5486900506935,2
Coimbatore,Construction,8174,57,12073,9,Recycling,862,9,98572,2021,31.9729,76.5516,2320.5486900506935,2
Coimbatore,Hazardous,4274,60,12073,6,Incineration,1901,10,98572,2021,31.9729,76.5516,2320.5486900506935,2
Coimbatore,Plastic,3522,75,12073,10,Landfill,925,11,98572,2022,31.9729,76.5516,2320.5486900506935,3
Coimbatore,Organic,5021,78,12073,9,Composting,2258,19,98572,2022,31.9729,76.5516,2320.5486900506935,3
Coimbatore,E-Waste,6743,52,12073,6,Landfill,4958,10,98572,2022,31.9729,76.5516,2320.5486900506935,3
Coimbatore,Construction,2139,54,12073,6,Recycling,3884,6,98572,2022,31.9729,76.5516,2320.5486900506935,3
Coimbatore,Hazardous,580,31,12073,8,Landfill,1968,5,98572,2022,31.9729,76.5516,2320.5486900506935,3
Coimbatore,Plastic,963,38,12073,8,Recycling,2999,0,98572,2023,31.9729,76.5516,2320.5486900506935,4
Coimbatore,Organic,8565,52,12073,7,Landfill,3047,20,98572,2023,31.9729,76.5516,2320.5486900506935,4
Coimbatore,E-Waste,8883,43,12073,7,Landfill,3454,20,98572,2023,31.9729,76.5516,2320.5486900506935,4
Coimbatore,Construction,9121,40,12073,9,Landfill,4566,11,98572,2023,31.9729,76.5516,2320.5486900506935,4
Coimbatore,Hazardous,6047,82,12073,9,Incineration,3133,20,98572,2023,31.9729,76.5516,2320.5486900506935,4
Ranchi,Plastic,9222,76,17422,8,Recycling,4212,14,98646,2019,13.4978,84.8338,1090.5649646601426,0
Ranchi,Organic,2865,82,17422,9,Landfill,3272,14,98646,2019,13.4978,84.8338,1090.5649646601426,0
Ranchi,E-Waste,7540,60,17422,5,Incineration,1776,2,98646,2019,13.4978,84.8338,1090.5649646601426,0
Ranchi,Construction,8974,41,17422,8,Recycling,4536,15,98646,2019,13.4978,84.8338,1090.5649646601426,0
Ranchi,Hazardous,6183,43,17422,5,Recycling,1377,12,98646,2019,13.4978,84.8338,1090.5649646601426,0
Ranchi,Plastic,1270,34,17422,7,Landfill,1071,11,98646,2020,13.4978,84.8338,1090.5649646601426,1
Ranchi,Organic,6090,44,17422,7,Landfill,2447,0,98646,2020,13.4978,84.8338,1090.5649646601426,1
Ranchi,E-Waste,9848,79,17422,10,Landfill,675,11,98646,2020,13.4978,84.8338,1090.5649646601426,1
Ranchi,Construction,3883,38,17422,7,Recycling,2577,5,98646,2020,13.4978,84.8338,1090.5649646601426,1
Ranchi,Hazardous,7762,68,17422,6,Incineration,1158,0,98646,2020,13.4978,84.8338,1090.5649646601426,1
Ranchi,Plastic,9164,69,17422,5,Composting,4385,14,98646,2021,13.4978,84.8338,1090.5649646601426,2
Ranchi,Organic,4838,61,17422,8,Composting,2006,10,98646,2021,13.4978,84.8338,1090.5649646601426,2
Ranchi,E-Waste,9929,85,17422,9,Recycling,1475,14,98646,2021,13.4978,84.8338,1090.5649646601426,2
Ranchi,Construction,4213,65,17422,7,Recycling,794,15,98646,2021,13.4978,84.8338,1090.5649646601426,2
Ranchi,Hazardous,4130,65,17422,8,Incineration,3340,17,98646,2021,13.4978,84.8338,1090.5649646601426,2
Ranchi,Plastic,9721,30,17422,8,Composting,1126,7,98646,2022,13.4978,84.8338,1090.5649646601426,3
Ranchi,Organic,8205,40,17422,7,Recycling,1464,19,98646,2022,13.4978,84.8338,1090.5649646601426,3
Ranchi,E-Waste,5473,73,17422,7,Recycling,3439,0,98646,2022,13.4978,84.8338,1090.5649646601426,3
Ranchi,Construction,9588,36,17422,8,Landfill,4717,10,98646,2022,13.4978,84.8338,1090.5649646601426,3
Ranchi,Hazardous,1182,82,17422,9,Incineration,1502,1,98646,2022,13.4978,84.8338,1090.5649646601426,3
Ranchi,Plastic,4020,57,17422,7,Recycling,2248,13,98646,2023,13.4978,84.8338,1090.5649646601426,4
Ranchi,Organic,7916,53,17422,6,Recycling,2047,11,98646,2023,13.4978,84.8338,1090.5649646601426,4
Ranchi,E-Waste,1670,77,17422,5,Recycling,2924,3,98646,2023,13.4978,84.8338,1090.5649646601426,4
Ranchi,Construction,2654,53,17422,8,Landfill,2074,16,98646,2023,13.4978,84.8338,1090.5649646601426,4
Ranchi,Hazardous,6090,44,17422,9,Composting,1406,20,98646,2023,13.4978,84.8338,1090.5649646601426,4
Amritsar,Plastic,6035,64,12612,9,Incineration,4276,11,31477,2019,22.6059,88.4682,1676.0689532595736,0
Amritsar,Organic,1371,68,12612,5,Recycling,3410,19,31477,2019,22.6059,88.4682,1676.0689532595736,0
Amritsar,E-Waste,2239,71,12612,10,Landfill,1403,0,31477,2019,22.6059,88.4682,1676.0689532595736,0
Amritsar,Construction,9144,39,12612,8,Landfill,4250,13,31477,2019,22.6059,88.4682,1676.0689532595736,0
Amritsar,Hazardous,4718,42,12612,9,Recycling,3452,20,31477,2019,22.6059,88.4682,1676.0689532595736,0
Amritsar,Plastic,3121,38,12612,5,Composting,3385,4,31477,2020,22.6059,88.4682,1676.0689532595736,1
Amritsar,Organic,6093,75,12612,5,Incineration,934,11,31477,2020,22.6059,88.4682,1676.0689532595736,1
Amritsar,E-Waste,2840,63,12612,5,Composting,3675,6,31477,2020,22.6059,88.4682,1676.0689532595736,1
Amritsar,Construction,1796,34,12612,6,Composting,2113,15,31477,2020,22.6059,88.4682,1676.0689532595736,1
Amritsar,Hazardous,2868,39,12612,9,Landfill,4327,12,31477,2020,22.6059,88.4682,1676.0689532595736,1
Amritsar,Plastic,7820,41,12612,10,Incineration,2138,5,31477,2021,22.6059,88.4682,1676.0689532595736,2
Amritsar,Organic,9954,47,12612,5,Incineration,2864,8,31477,2021,22.6059,88.4682,1676.0689532595736,2
Amritsar,E-Waste,7007,62,12612,10,Landfill,1571,18,31477,2021,22.6059,88.4682,1676.0689532595736,2
Amritsar,Construction,6718,69,12612,5,Recycling,635,1,31477,2021,22.6059,88.4682,1676.0689532595736,2
Amritsar,Hazardous,3672,33,12612,9,Composting,3888,4,31477,2021,22.6059,88.4682,1676.0689532595736,2
Amritsar,Plastic,7276,76,12612,9,Incineration,1041,4,31477,2022,22.6059,88.4682,1676.0689532595736,3
Amritsar,Organic,7339,39,12612,5,Recycling,1129,18,31477,2022,22.6059,88.4682,1676.0689532595736,3
Amritsar,E-Waste,3827,77,12612,9,Composting,1254,5,31477,2022,22.6059,88.4682,1676.0689532595736,3
Amritsar,Construction,9444,77,12612,5,Incineration,1916,5,31477,2022,22.6059,88.4682,1676.0689532595736,3
Amritsar,Hazardous,5082,55,12612,7,Recycling,2865,3,31477,2022,22.6059,88.4682,1676.0689532595736,3
Amritsar,Plastic,9094,46,12612,9,Incineration,4893,19,31477,2023,22.6059,88.4682,1676.0689532595736,4
Amritsar,Organic,4936,57,12612,5,Composting,550,2,31477,2023,22.6059,88.4682,1676.0689532595736,4
Amritsar,E-Waste,1725,54,12612,8,Landfill,4152,3,31477,2023,22.6059,88.4682,1676.0689532595736,4
Amritsar,Construction,8689,37,12612,6,Recycling,1965,17,31477,2023,22.6059,88.4682,1676.0689532595736,4
Amritsar,Hazardous,2184,36,12612,8,Composting,1069,14,31477,2023,22.6059,88.4682,1676.0689532595736,4
Jodhpur,Plastic,4585,76,6465,6,Recycling,3294,10,45318,2019,8.9824,77.0472,1961.210782432034,0
Jodhpur,Organic,8728,33,6465,7,Composting,4367,8,45318,2019,8.9824,77.0472,1961.210782432034,0
Jodhpur,E-Waste,1527,57,6465,8,Recycling,2550,16,45318,2019,8.9824,77.0472,1961.210782432034,0
Jodhpur,Construction,7646,43,6465,7,Recycling,2784,6,45318,2019,8.9824,77.0472,1961.210782432034,0
Jodhpur,Hazardous,5064,42,6465,6,Landfill,3973,14,45318,2019,8.9824,77.0472,1961.210782432034,0
Jodhpur,Plastic,8803,59,6465,7,Composting,2822,11,45318,2020,8.9824,77.0472,1961.210782432034,1
Jodhpur,Organic,5168,58,6465,10,Incineration,2637,14,45318,2020,8.9824,77.0472,1961.210782432034,1
Jodhpur,E-Waste,5159,80,6465,6,Landfill,1313,2,45318,2020,8.9824,77.0472,1961.210782432034,1
Jodhpur,Construction,6671,33,6465,5,Landfill,4664,0,45318,2020,8.9824,77.0472,1961.210782432034,1
Jodhpur,Hazardous,4228,37,6465,8,Composting,1756,17,45318,2020,8.9824,77.0472,1961.210782432034,1
Jodhpur,Plastic,2807,34,6465,8,Incineration,4034,11,45318,2021,8.9824,77.0472,1961.210782432034,2
Jodhpur,Organic,9348,64,6465,5,Incineration,4209,2,45318,2021,8.9824,77.0472,1961.210782432034,2
Jodhpur,E-Waste,2294,51,6465,9,Recycling,1560,12,45318,2021,8.9824,77.0472,1961.210782432034,2
Jodhpur,Construction,3487,38,6465,10,Composting,4208,8,45318,2021,8.9824,77.0472,1961.210782432034,2
Jodhpur,Hazardous,5907,68,6465,9,Incineration,4668,16,45318,2021,8.9824,77.0472,1961.210782432034,2
Jodhpur,Plastic,5409,62,6465,10,Recycling,2956,14,45318,2022,8.9824,77.0472,1961.210782432034,3
Jodhpur,Organic,549,59,6465,5,Recycling,1345,1,45318,2022,8.9824,77.0472,1961.210782432034,3
Jodhpur,E-Waste,7810,61,6465,7,Recycling,2751,7,45318,2022,8.9824,77.0472,1961.210782432034,3
Jodhpur,Construction,2243,45,6465,5,Recycling,2903,10,45318,2022,8.9824,77.0472,1961.210782432034,3
Jodhpur,Hazardous,2721,58,6465,9,Incineration,3965,17,45318,2022,8.9824,77.0472,1961.210782432034,3
Jodhpur,Plastic,5660,76,6465,5,Composting,4168,4,45318,2023,8.9824,77.0472,1961.210782432034,4
Jodhpur,Organic,1908,66,6465,9,Recycling,2321,6,45318,2023,8.9824,77.0472,1961.210782432034,4
Jodhpur,E-Waste,2888,51,6465,5,Composting,3432,1,45318,2023,8.9824,77.0472,1961.210782432034,4
Jodhpur,Construction,1852,50,6465,5,Landfill,3720,4,45318,2023,8.9824,77.0472,1961.210782432034,4
Jodhpur,Hazardous,1919,41,6465,7,Incineration,3313,3,45318,2023,8.9824,77.0472,1961.210782432034,4
Varanasi,Plastic,8397,75,7976,8,Landfill,1994,0,79314,2019,35.156,83.0516,1090.425744724414,0
Varanasi,Organic,8173,80,7976,10,Composting,4646,17,79314,2019,35.156,83.0516,1090.425744724414,0
Varanasi,E-Waste,837,81,7976,5,Recycling,740,15,79314,2019,35.156,83.0516,1090.425744724414,0
Varanasi,Construction,5671,55,7976,7,Incineration,550,14,79314,2019,35.156,83.0516,1090.425744724414,0
Varanasi,Hazardous,8242,76,7976,6,Landfill,2504,4,79314,2019,35.156,83.0516,1090.425744724414,0
Varanasi,Plastic,3849,45,7976,10,Recycling,2749,20,79314,2020,35.156,83.0516,1090.425744724414,1
Varanasi,Organic,7387,42,7976,9,Recycling,3131,10,79314,2020,35.156,83.0516,1090.425744724414,1
Varanasi,E-Waste,1864,61,7976,6,Incineration,878,12,79314,2020,35.156,83.0516,1090.425744724414,1
Varanasi,Construction,1153,52,7976,9,Composting,2917,13,79314,2020,35.156,83.0516,1090.425744724414,1
Varanasi,Hazardous,4781,36,7976,10,Composting,3637,2,79314,2020,35.156,83.0516,1090.425744724414,1
Varanasi,Plastic,7531,75,7976,5,Recycling,4035,5,79314,2021,35.156,83.0516,1090.425744724414,2
Varanasi,Organic,619,75,7976,8,Recycling,2547,7,79314,2021,35.156,83.0516,1090.425744724414,2
Varanasi,E-Waste,2201,67,7976,8,Incineration,4068,13,79314,2021,35.156,83.0516,1090.425744724414,2
Varanasi,Construction,8601,62,7976,7,Incineration,3571,13,79314,2021,35.156,83.0516,1090.425744724414,2
Varanasi,Hazardous,7991,68,7976,6,Composting,2290,2,79314,2021,35.156,83.0516,1090.425744724414,2
Varanasi,Plastic,9980,61,7976,6,Incineration,2451,16,79314,2022,35.156,83.0516,1090.425744724414,3
Varanasi,Organic,9254,60,7976,7,Composting,2642,9,79314,2022,35.156,83.0516,1090.425744724414,3
Varanasi,E-Waste,1352,59,7976,6,Incineration,1699,11,79314,2022,35.156,83.0516,1090.425744724414,3
Varanasi,Construction,525,73,7976,10,Composting,1044,16,79314,2022,35.156,83.0516,1090.425744724414,3
Varanasi,Hazardous,9283,30,7976,8,Landfill,2811,5,79314,2022,35.156,83.0516,1090.425744724414,3
Varanasi,Plastic,3202,67,7976,6,Landfill,934,18,79314,2023,35.156,83.0516,1090.425744724414,4
Varanasi,Organic,805,69,7976,9,Landfill,3000,18,79314,2023,35.156,83.0516,1090.425744724414,4
Varanasi,E-Waste,862,64,7976,5,Incineration,4718,2,79314,2023,35.156,83.0516,1090.425744724414,4
Varanasi,Construction,526,63,7976,6,Landfill,2877,9,79314,2023,35.156,83.0516,1090.425744724414,4
Varanasi,Hazardous,6410,52,7976,6,Incineration,1372,13,79314,2023,35.156,83.0516,1090.425744724414,4
Ludhiana,Plastic,2972,74,8678,5,Landfill,2681,4,69241,2019,10.3062,77.427,2285.991619289261,0
Ludhiana,Organic,8621,38,8678,9,Landfill,583,5,69241,2019,10.3062,77.427,2285.991619289261,0
Ludhiana,E-Waste,7345,63,8678,9,Recycling,4668,11,69241,2019,10.3062,77.427,2285.991619289261,0
Ludhiana,Construction,1412,62,8678,9,Landfill,3885,18,69241,2019,10.3062,77.427,2285.991619289261,0
Ludhiana,Hazardous,8937,81,8678,10,Landfill,3296,7,69241,2019,10.3062,77.427,2285.991619289261,0
Ludhiana,Plastic,9041,43,8678,6,Composting,4975,1,69241,2020,10.3062,77.427,2285.991619289261,1
Ludhiana,Organic,3139,43,8678,5,Composting,876,7,69241,2020,10.3062,77.427,2285.991619289261,1
Ludhiana,E-Waste,3515,38,8678,10,Recycling,1984,15,69241,2020,10.3062,77.427,2285.991619289261,1
Ludhiana,Construction,5767,31,8678,8,Recycling,2861,3,69241,2020,10.3062,77.427,2285.991619289261,1
Ludhiana,Hazardous,7678,63,8678,9,Recycling,859,3,69241,2020,10.3062,77.427,2285.991619289261,1
Ludhiana,Plastic,6762,72,8678,10,Composting,1588,10,69241,2021,10.3062,77.427,2285.991619289261,2
Ludhiana,Organic,5285,39,8678,10,Incineration,4781,13,69241,2021,10.3062,77.427,2285.991619289261,2
Ludhiana,E-Waste,8336,49,8678,8,Landfill,3267,13,69241,2021,10.3062,77.427,2285.991619289261,2
Ludhiana,Construction,5808,68,8678,5,Incineration,1939,19,69241,2021,10.3062,77.427,2285.991619289261,2
Ludhiana,Hazardous,4330,42,8678,9,Composting,1341,10,69241,2021,10.3062,77.427,2285.991619289261,2
Ludhiana,Plastic,3119,75,8678,10,Incineration,2130,6,69241,2022,10.3062,77.427,2285.991619289261,3
Ludhiana,Organic,6898,53,8678,9,Landfill,4725,10,69241,2022,10.3062,77.427,2285.991619289261,3
Ludhiana,E-Waste,8336,78,8678,9,Landfill,4294,14,69241,2022,10.3062,77.427,2285.991619289261,3
Ludhiana,Construction,6754,85,8678,5,Recycling,4132,0,69241,2022,10.3062,77.427,2285.991619289261,3
Ludhiana,Hazardous,1636,66,8678,9,Recycling,1708,4,69241,2022,10.3062,77.427,2285.991619289261,3
Ludhiana,Plastic,8158,68,8678,9,Composting,2719,13,69241,2023,10.3062,77.427,2285.991619289261,4
Ludhiana,Organic,8781,42,8678,10,Recycling,3510,18,69241,2023,10.3062,77.427,2285.991619289261,4
Ludhiana,E-Waste,528,58,8678,6,Recycling,4978,11,69241,2023,10.3062,77.427,2285.991619289261,4
Ludhiana,Construction,4118,42,8678,9,Composting,4647,13,69241,2023,10.3062,77.427,2285.991619289261,4
Ludhiana,Hazardous,1096,85,8678,7,Recycling,3839,8,69241,2023,10.3062,77.427,2285.991619289261,4
Agra,Plastic,3173,73,4629,6,Landfill,2350,2,82082,2019,32.4069,92.1176,1480.3058208062328,0
Agra,Organic,9052,51,4629,5,Incineration,3074,8,82082,2019,32.4069,92.1176,1480.3058208062328,0
Agra,E-Waste,8371,48,4629,6,Incineration,3392,16,82082,2019,32.4069,92.1176,1480.3058208062328,0
Agra,Construction,8300,38,4629,9,Incineration,2900,14,82082,2019,32.4069,92.1176,1480.3058208062328,0
Agra,Hazardous,5567,34,4629,10,Incineration,1466,10,82082,2019,32.4069,92.1176,1480.3058208062328,0
Agra,Plastic,3622,65,4629,5,Incineration,794,1,82082,2020,32.4069,92.1176,1480.3058208062328,1
Agra,Organic,1942,45,4629,7,Recycling,4606,15,82082,2020,32.4069,92.1176,1480.3058208062328,1
Agra,E-Waste,5575,75,4629,7,Landfill,4423,19,82082,2020,32.4069,92.1176,1480.3058208062328,1
Agra,Construction,6444,80,4629,9,Composting,2562,6,82082,2020,32.4069,92.1176,1480.3058208062328,1
Agra,Hazardous,6628,64,4629,6,Recycling,687,5,82082,2020,32.4069,92.1176,1480.3058208062328,1
Agra,Plastic,9624,33,4629,8,Recycling,2599,6,82082,2021,32.4069,92.1176,1480.3058208062328,2
Agra,Organic,8838,46,4629,5,Composting,4626,12,82082,2021,32.4069,92.1176,1480.3058208062328,2
Agra,E-Waste,5525,56,4629,8,Recycling,3618,4,82082,2021,32.4069,92.1176,1480.3058208062328,2
Agra,Construction,3884,79,4629,7,Recycling,2966,4,82082,2021,32.4069,92.1176,1480.3058208062328,2
Agra,Hazardous,9466,35,4629,6,Incineration,1261,10,82082,2021,32.4069,92.1176,1480.3058208062328,2
Agra,Plastic,5109,81,4629,8,Landfill,4121,2,82082,2022,32.4069,92.1176,1480.3058208062328,3
Agra,Organic,692,64,4629,6,Landfill,4055,15,82082,2022,32.4069,92.1176,1480.3058208062328,3
Agra,E-Waste,3467,69,4629,5,Recycling,2682,18,82082,2022,32.4069,92.1176,1480.3058208062328,3
Agra,Construction,4511,58,4629,8,Incineration,1093,12,82082,2022,32.4069,92.1176,1480.3058208062328,3
Agra,Hazardous,1924,58,4629,7,Incineration,2386,8,82082,2022,32.4069,92.1176,1480.3058208062328,3
Agra,Plastic,6020,56,4629,5,Incineration,4148,0,82082,2023,32.4069,92.1176,1480.3058208062328,4
Agra,Organic,915,35,4629,9,Incineration,1199,3,82082,2023,32.4069,92.1176,1480.3058208062328,4
Agra,E-Waste,7460,70,4629,7,Incineration,3020,14,82082,2023,32.4069,92.1176,1480.3058208062328,4
Agra,Construction,1500,33,4629,10,Recycling,3125,17,82082,2023,32.4069,92.1176,1480.3058208062328,4
Agra,Hazardous,7256,85,4629,8,Landfill,2170,3,82082,2023,32.4069,92.1176,1480.3058208062328,4
Meerut,Plastic,9131,49,7178,9,Composting,3049,1,56989,2019,14.3552,72.9863,1691.029006160963,0
Meerut,Organic,6719,54,7178,9,Recycling,3521,5,56989,2019,14.3552,72.9863,1691.029006160963,0
Meerut,E-Waste,3618,77,7178,9,Landfill,3695,0,56989,2019,14.3552,72.9863,1691.029006160963,0
Meerut,Construction,3999,76,7178,10,Landfill,2118,3,56989,2019,14.3552,72.9863,1691.029006160963,0
Meerut,Hazardous,7972,83,7178,9,Incineration,3749,4,56989,2019,14.3552,72.9863,1691.029006160963,0
Meerut,Plastic,3668,52,7178,9,Incineration,2987,2,56989,2020,14.3552,72.9863,1691.029006160963,1
Meerut,Organic,1404,54,7178,10,Recycling,2848,10,56989,2020,14.3552,72.9863,1691.029006160963,1
Meerut,E-Waste,3264,38,7178,7,Composting,3661,10,56989,2020,14.3552,72.9863,1691.029006160963,1
Meerut,Construction,9061,38,7178,10,Landfill,2436,18,56989,2020,14.3552,72.9863,1691.029006160963,1
Meerut,Hazardous,1623,66,7178,10,Landfill,3495,6,56989,2020,14.3552,72.9863,1691.029006160963,1
Meerut,Plastic,4686,69,7178,7,Composting,3910,8,56989,2021,14.3552,72.9863,1691.029006160963,2
Meerut,Organic,6212,68,7178,10,Incineration,3901,3,56989,2021,14.3552,72.9863,1691.029006160963,2
Meerut,E-Waste,936,55,7178,8,Composting,1580,2,56989,2021,14.3552,72.9863,1691.029006160963,2
Meerut,Construction,4476,36,7178,5,Recycling,3950,12,56989,2021,14.3552,72.9863,1691.029006160963,2
Meerut,Hazardous,3060,56,7178,9,Landfill,807,1,56989,2021,14.3552,72.9863,1691.029006160963,2
Meerut,Plastic,7018,77,7178,6,Incineration,1216,16,56989,2022,14.3552,72.9863,1691.029006160963,3
Meerut,Organic,5497,75,7178,5,Recycling,3723,14,56989,2022,14.3552,72.9863,1691.029006160963,3
Meerut,E-Waste,1919,82,7178,6,Landfill,3446,0,56989,2022,14.3552,72.9863,1691.029006160963,3
Meerut,Construction,7834,52,7178,9,Composting,2512,20,56989,2022,14.3552,72.9863,1691.029006160963,3
Meerut,Hazardous,1168,69,7178,7,Incineration,2332,11,56989,2022,14.3552,72.9863,1691.029006160963,3
Meerut,Plastic,2925,47,7178,6,Recycling,4347,13,56989,2023,14.3552,72.9863,1691.029006160963,4
Meerut,Organic,5457,78,7178,10,Recycling,4807,12,56989,2023,14.3552,72.9863,1691.029006160963,4
Meerut,E-Waste,1978,52,7178,9,Incineration,4091,6,56989,2023,14.3552,72.9863,1691.029006160963,4
Meerut,Construction,4495,56,7178,9,Incineration,510,5,56989,2023,14.3552,72.9863,1691.029006160963,4
Meerut,Hazardous,6404,46,7178,8,Landfill,4365,20,56989,2023,14.3552,72.9863,1691.029006160963,4
Nashik,Plastic,4584,34,2929,10,Recycling,1334,16,63245,2019,14.6177,91.4568,1969.8837434136472,0
Nashik,Organic,9096,36,2929,7,Recycling,2013,0,63245,2019,14.6177,91.4568,1969.8837434136472,0
Nashik,E-Waste,5832,37,2929,8,Incineration,2774,8,63245,2019,14.6177,91.4568,1969.8837434136472,0
Nashik,Construction,5695,71,2929,5,Composting,4042,0,63245,2019,14.6177,91.4568,1969.8837434136472,0
Nashik,Hazardous,8192,67,2929,10,Composting,896,1,63245,2019,14.6177,91.4568,1969.8837434136472,0
Nashik,Plastic,4415,84,2929,10,Recycling,2881,20,63245,2020,14.6177,91.4568,1969.8837434136472,1
Nashik,Organic,1400,69,2929,6,Composting,4894,10,63245,2020,14.6177,91.4568,1969.8837434136472,1
Nashik,E-Waste,4872,30,2929,8,Composting,4052,17,63245,2020,14.6177,91.4568,1969.8837434136472,1
Nashik,Construction,2776,33,2929,10,Incineration,3767,17,63245,2020,14.6177,91.4568,1969.8837434136472,1
Nashik,Hazardous,3134,84,2929,10,Recycling,2582,11,63245,2020,14.6177,91.4568,1969.8837434136472,1
Nashik,Plastic,4744,55,2929,8,Landfill,516,0,63245,2021,14.6177,91.4568,1969.8837434136472,2
Nashik,Organic,9216,69,2929,7,Incineration,4245,7,63245,2021,14.6177,91.4568,1969.8837434136472,2
Nashik,E-Waste,1598,82,2929,9,Recycling,911,18,63245,2021,14.6177,91.4568,1969.8837434136472,2
Nashik,Construction,5393,64,2929,10,Incineration,1361,16,63245,2021,14.6177,91.4568,1969.8837434136472,2
Nashik,Hazardous,9699,73,2929,6,Incineration,1196,7,63245,2021,14.6177,91.4568,1969.8837434136472,2
Nashik,Plastic,7882,32,2929,7,Recycling,4400,4,63245,2022,14.6177,91.4568,1969.8837434136472,3
Nashik,Organic,6136,37,2929,6,Landfill,2258,9,63245,2022,14.6177,91.4568,1969.8837434136472,3
Nashik,E-Waste,6465,84,2929,7,Composting,3257,17,63245,2022,14.6177,91.4568,1969.8837434136472,3
Nashik,Construction,6834,47,2929,8,Recycling,3071,11,63245,2022,14.6177,91.4568,1969.8837434136472,3
Nashik,Hazardous,9685,39,2929,10,Incineration,2012,16,63245,2022,14.6177,91.4568,1969.8837434136472,3
Nashik,Plastic,3659,77,2929,9,Composting,1759,17,63245,2023,14.6177,91.4568,1969.8837434136472,4
Nashik,Organic,9946,72,2929,10,Composting,3566,15,63245,2023,14.6177,91.4568,1969.8837434136472,4
Nashik,E-Waste,3729,45,2929,8,Composting,1187,20,63245,2023,14.6177,91.4568,1969.8837434136472,4
Nashik,Construction,613,40,2929,6,Landfill,2691,11,63245,2023,14.6177,91.4568,1969.8837434136472,4
Nashik,Hazardous,9869,53,2929,10,Landfill,3250,11,63245,2023,14.6177,91.4568,1969.8837434136472,4
Rajkot,Plastic,3388,64,23232,7,Recycling,3849,12,62818,2019,30.6193,68.7432,944.2247092433096,0
Rajkot,Organic,4416,40,23232,5,Recycling,1296,13,62818,2019,30.6193,68.7432,944.2247092433096,0
Rajkot,E-Waste,5512,65,23232,8,Recycling,2052,18,62818,2019,30.6193,68.7432,944.2247092433096,0
Rajkot,Construction,1618,66,23232,6,Incineration,3335,14,62818,2019,30.6193,68.7432,944.2247092433096,0
Rajkot,Hazardous,5601,44,23232,10,Composting,549,13,62818,2019,30.6193,68.7432,944.2247092433096,0
Rajkot,Plastic,2457,59,23232,8,Recycling,1467,16,62818,2020,30.6193,68.7432,944.2247092433096,1
Rajkot,Organic,3427,41,23232,8,Recycling,2693,17,62818,2020,30.6193,68.7432,944.2247092433096,1
Rajkot,E-Waste,581,64,23232,10,Recycling,1245,12,62818,2020,30.6193,68.7432,944.2247092433096,1
Rajkot,Construction,3412,69,23232,8,Incineration,2332,12,62818,2020,30.6193,68.7432,944.2247092433096,1
Rajkot,Hazardous,4374,47,23232,6,Recycling,1541,7,62818,2020,30.6193,68.7432,944.2247092433096,1
Rajkot,Plastic,8303,77,23232,6,Composting,778,11,62818,2021,30.6193,68.7432,944.2247092433096,2
Rajkot,Organic,1800,67,23232,7,Recycling,1361,10,62818,2021,30.6193,68.7432,944.2247092433096,2
Rajkot,E-Waste,959,83,23232,10,Recycling,4555,1,62818,2021,30.6193,68.7432,944.2247092433096,2
Rajkot,Construction,7305,44,23232,5,Recycling,2973,8,62818,2021,30.6193,68.7432,944.2247092433096,2
Rajkot,Hazardous,2669,85,23232,10,Incineration,2793,17,62818,2021,30.6193,68.7432,944.2247092433096,2
Rajkot,Plastic,3136,37,23232,8,Incineration,4999,1,62818,2022,30.6193,68.7432,944.2247092433096,3
Rajkot,Organic,8212,59,23232,5,Landfill,4516,5,62818,2022,30.6193,68.7432,944.2247092433096,3
Rajkot,E-Waste,9144,38,23232,10,Landfill,1079,11,62818,2022,30.6193,68.7432,944.2247092433096,3
Rajkot,Construction,3077,71,23232,8,Incineration,2851,13,62818,2022,30.6193,68.7432,944.2247092433096,3
Rajkot,Hazardous,3626,38,23232,7,Incineration,2629,3,62818,2022,30.6193,68.7432,944.2247092433096,3
Rajkot,Plastic,9686,69,23232,9,Landfill,3744,15,62818,2023,30.6193,68.7432,944.2247092433096,4
Rajkot,Organic,5600,55,23232,8,Composting,1074,7,62818,2023,30.6193,68.7432,944.2247092433096,4
Rajkot,E-Waste,6532,77,23232,5,Landfill,3045,10,62818,2023,30.6193,68.7432,944.2247092433096,4
Rajkot,Construction,7574,41,23232,8,Composting,691,20,62818,2023,30.6193,68.7432,944.2247092433096,4
Rajkot,Hazardous,2256,61,23232,9,Incineration,1350,3,62818,2023,30.6193,68.7432,944.2247092433096,4
Madurai,Plastic,8741,53,19454,9,Landfill,1385,12,51929,2019,13.1884,95.8263,1964.0922933914637,0
Madurai,Organic,6764,40,19454,8,Composting,4083,6,51929,2019,13.1884,95.8263,1964.0922933914637,0
Madurai,E-Waste,8320,53,19454,10,Incineration,2290,14,51929,2019,13.1884,95.8263,1964.0922933914637,0
Madurai,Construction,8475,33,19454,5,Landfill,4852,2,51929,2019,13.1884,95.8263,1964.0922933914637,0
Madurai,Hazardous,8167,55,19454,6,Incineration,3261,15,51929,2019,13.1884,95.8263,1964.0922933914637,0
Madurai,Plastic,8700,79,19454,5,Recycling,2505,2,51929,2020,13.1884,95.8263,1964.0922933914637,1
Madurai,Organic,5760,60,19454,8,Composting,3266,4,51929,2020,13.1884,95.8263,1964.0922933914637,1
Madurai,E-Waste,7043,50,19454,7,Landfill,4625,3,51929,2020,13.1884,95.8263,1964.0922933914637,1
Madurai,Construction,7206,74,19454,9,Landfill,3529,4,51929,2020,13.1884,95.8263,1964.0922933914637,1
Madurai,Hazardous,9740,55,19454,5,Incineration,3197,2,51929,2020,13.1884,95.8263,1964.0922933914637,1
Madurai,Plastic,6503,79,19454,8,Landfill,2647,16,51929,2021,13.1884,95.8263,1964.0922933914637,2
Madurai,Organic,9455,66,19454,7,Landfill,2762,13,51929,2021,13.1884,95.8263,1964.0922933914637,2
Madurai,E-Waste,4955,31,19454,6,Landfill,4887,15,51929,2021,13.1884,95.8263,1964.0922933914637,2
Madurai,Construction,7446,57,19454,6,Incineration,1248,15,51929,2021,13.1884,95.8263,1964.0922933914637,2
Madurai,Hazardous,8006,46,19454,9,Recycling,1181,19,51929,2021,13.1884,95.8263,1964.0922933914637,2
Madurai,Plastic,6678,66,19454,9,Incineration,4434,3,51929,2022,13.1884,95.8263,1964.0922933914637,3
Madurai,Organic,4686,51,19454,5,Recycling,762,12,51929,2022,13.1884,95.8263,1964.0922933914637,3
Madurai,E-Waste,2979,73,19454,5,Incineration,4480,7,51929,2022,13.1884,95.8263,1964.0922933914637,3
Madurai,Construction,6526,38,19454,7,Recycling,1149,20,51929,2022,13.1884,95.8263,1964.0922933914637,3
Madurai,Hazardous,577,83,19454,7,Recycling,4530,18,51929,2022,13.1884,95.8263,1964.0922933914637,3
Madurai,Plastic,558,63,19454,9,Recycling,614,0,51929,2023,13.1884,95.8263,1964.0922933914637,4
Madurai,Organic,2461,33,19454,6,Landfill,3223,4,51929,2023,13.1884,95.8263,1964.0922933914637,4
Madurai,E-Waste,586,48,19454,9,Landfill,1161,13,51929,2023,13.1884,95.8263,1964.0922933914637,4
Madurai,Construction,2023,44,19454,9,Landfill,4545,16,51929,2023,13.1884,95.8263,1964.0922933914637,4
Madurai,Hazardous,1905,74,19454,9,Composting,2265,18,51929,2023,13.1884,95.8263,1964.0922933914637,4
Jabalpur,Plastic,3200,58,7118,9,Recycling,602,13,63720,2019,20.0639,89.516,1049.1116329316278,0
Jabalpur,Organic,1169,71,7118,6,Incineration,3046,16,63720,2019,20.0639,89.516,1049.1116329316278,0
Jabalpur,E-Waste,7795,72,7118,10,Landfill,4026,7,63720,2019,20.0639,89.516,1049.1116329316278,0
Jabalpur,Construction,5367,32,7118,5,Composting,4155,4,63720,2019,20.0639,89.516,1049.1116329316278,0
Jabalpur,Hazardous,6122,76,7118,8,Recycling,3926,10,63720,2019,20.0639,89.516,1049.1116329316278,0
Jabalpur,Plastic,2337,69,7118,9,Landfill,3011,15,63720,2020,20.0639,89.516,1049.1116329316278,1
Jabalpur,Organic,891,74,7118,5,Recycling,2819,16,63720,2020,20.0639,89.516,1049.1116329316278,1
Jabalpur,E-Waste,2321,60,7118,10,Landfill,3441,0,63720,2020,20.0639,89.516,1049.1116329316278,1
Jabalpur,Construction,2536,72,7118,8,Composting,3991,13,63720,2020,20.0639,89.516,1049.1116329316278,1
Jabalpur,Hazardous,4315,39,7118,5,Incineration,3444,4,63720,2020,20.0639,89.516,1049.1116329316278,1
Jabalpur,Plastic,3957,40,7118,6,Composting,872,15,63720,2021,20.0639,89.516,1049.1116329316278,2
Jabalpur,Organic,6528,48,7118,9,Landfill,1862,9,63720,2021,20.0639,89.516,1049.1116329316278,2
Jabalpur,E-Waste,9148,65,7118,5,Incineration,3322,4,63720,2021,20.0639,89.516,1049.1116329316278,2
Jabalpur,Construction,2988,53,7118,6,Composting,3631,20,63720,2021,20.0639,89.516,1049.1116329316278,2
Jabalpur,Hazardous,5235,33,7118,6,Recycling,2870,16,63720,2021,20.0639,89.516,1049.1116329316278,2
Jabalpur,Plastic,7833,72,7118,10,Incineration,997,1,63720,2022,20.0639,89.516,1049.1116329316278,3
Jabalpur,Organic,5713,85,7118,5,Recycling,3842,15,63720,2022,20.0639,89.516,1049.1116329316278,3
Jabalpur,E-Waste,5990,37,7118,6,Incineration,3278,2,63720,2022,20.0639,89.516,1049.1116329316278,3
Jabalpur,Construction,9076,37,7118,10,Landfill,1340,15,63720,2022,20.0639,89.516,1049.1116329316278,3
Jabalpur,Hazardous,1907,74,7118,5,Incineration,557,6,63720,2022,20.0639,89.516,1049.1116329316278,3
Jabalpur,Plastic,4114,42,7118,6,Recycling,2176,1,63720,2023,20.0639,89.516,1049.1116329316278,4
Jabalpur,Organic,2259,75,7118,10,Recycling,1100,5,63720,2023,20.0639,89.516,1049.1116329316278,4
Jabalpur,E-Waste,9698,79,7118,8,Incineration,3131,15,63720,2023,20.0639,89.516,1049.1116329316278,4
Jabalpur,Construction,2595,81,7118,7,Composting,993,14,63720,2023,20.0639,89.516,1049.1116329316278,4
Jabalpur,Hazardous,8135,79,7118,6,Composting,2933,3,63720,2023,20.0639,89.516,1049.1116329316278,4
Allahabad,Plastic,6010,71,19181,5,Incineration,915,0,35432,2019,35.9642,87.6951,1293.4563499508429,0
Allahabad,Organic,2008,54,19181,5,Recycling,1878,5,35432,2019,35.9642,87.6951,1293.4563499508429,0
Allahabad,E-Waste,7959,71,19181,7,Incineration,4898,8,35432,2019,35.9642,87.6951,1293.4563499508429,0
Allahabad,Construction,3618,73,19181,5,Recycling,1318,12,35432,2019,35.9642,87.6951,1293.4563499508429,0
Allahabad,Hazardous,5820,34,19181,7,Composting,4725,6,35432,2019,35.9642,87.6951,1293.4563499508429,0
Allahabad,Plastic,4462,55,19181,5,Recycling,4317,16,35432,2020,35.9642,87.6951,1293.4563499508429,1
Allahabad,Organic,5920,54,19181,6,Recycling,2492,6,35432,2020,35.9642,87.6951,1293.4563499508429,1
Allahabad,E-Waste,9769,38,19181,6,Composting,1976,6,35432,2020,35.9642,87.6951,1293.4563499508429,1
Allahabad,Construction,4796,78,19181,8,Landfill,3524,4,35432,2020,35.9642,87.6951,1293.4563499508429,1
Allahabad,Hazardous,2461,39,19181,9,Incineration,1811,8,35432,2020,35.9642,87.6951,1293.4563499508429,1
Allahabad,Plastic,9096,76,19181,5,Composting,3310,17,35432,2021,35.9642,87.6951,1293.4563499508429,2
Allahabad,Organic,1944,53,19181,10,Landfill,3544,17,35432,2021,35.9642,87.6951,1293.4563499508429,2
Allahabad,E-Waste,3083,58,19181,5,Composting,2181,9,35432,2021,35.9642,87.6951,1293.4563499508429,2
Allahabad,Construction,9041,33,19181,9,Landfill,1487,2,35432,2021,35.9642,87.6951,1293.4563499508429,2
Allahabad,Hazardous,2075,53,19181,9,Composting,1218,16,35432,2021,35.9642,87.6951,1293.4563499508429,2
Allahabad,Plastic,9603,36,19181,6,Recycling,1145,17,35432,2022,35.9642,87.6951,1293.4563499508429,3
Allahabad,Organic,4604,38,19181,6,Landfill,2987,13,35432,2022,35.9642,87.6951,1293.4563499508429,3
Allahabad,E-Waste,5732,32,19181,7,Incineration,3137,19,35432,2022,35.9642,87.6951,1293.4563499508429,3
Allahabad,Construction,9883,50,19181,6,Composting,4134,15,35432,2022,35.9642,87.6951,1293.4563499508429,3
Allahabad,Hazardous,1331,74,19181,6,Composting,3021,4,35432,2022,35.9642,87.6951,1293.4563499508429,3
Allahabad,Plastic,6209,47,19181,10,Landfill,2392,5,35432,2023,35.9642,87.6951,1293.4563499508429,4
Allahabad,Organic,7713,63,19181,5,Composting,1504,6,35432,2023,35.9642,87.6951,1293.4563499508429,4
Allahabad,E-Waste,4700,78,19181,6,Composting,4043,15,35432,2023,35.9642,87.6951,1293.4563499508429,4
Allahabad,Construction,9415,69,19181,8,Recycling,3994,17,35432,2023,35.9642,87.6951,1293.4563499508429,4
Allahabad,Hazardous,2712,54,19181,7,Landfill,3778,17,35432,2023,35.9642,87.6951,1293.4563499508429,4
Visakhapatnam,Plastic,5770,75,12359,10,Recycling,849,12,48016,2019,12.4235,85.6407,638.1769810875252,0
Visakhapatnam,Organic,3716,63,12359,9,Recycling,2761,9,48016,2019,12.4235,85.6407,638.1769810875252,0
Visakhapatnam,E-Waste,1507,85,12359,7,Recycling,1357,8,48016,2019,12.4235,85.6407,638.1769810875252,0
Visakhapatnam,Construction,6216,61,12359,5,Recycling,4944,1,48016,2019,12.4235,85.6407,638.1769810875252,0
Visakhapatnam,Hazardous,5910,39,12359,5,Landfill,3743,15,48016,2019,12.4235,85.6407,638.1769810875252,0
Visakhapatnam,Plastic,4884,56,12359,5,Recycling,895,11,48016,2020,12.4235,85.6407,638.1769810875252,1
Visakhapatnam,Organic,7111,54,12359,5,Composting,1267,11,48016,2020,12.4235,85.6407,638.1769810875252,1
Visakhapatnam,E-Waste,4042,78,12359,6,Landfill,1250,17,48016,2020,12.4235,85.6407,638.1769810875252,1
Visakhapatnam,Construction,3381,48,12359,5,Landfill,4978,17,48016,2020,12.4235,85.6407,638.1769810875252,1
Visakhapatnam,Hazardous,588,76,12359,8,Incineration,3832,15,48016,2020,12.4235,85.6407,638.1769810875252,1
Visakhapatnam,Plastic,9354,73,12359,6,Landfill,1758,16,48016,2021,12.4235,85.6407,638.1769810875252,2
Visakhapatnam,Organic,7018,53,12359,6,Recycling,4005,5,48016,2021,12.4235,85.6407,638.1769810875252,2
Visakhapatnam,E-Waste,7321,31,12359,8,Composting,4193,11,48016,2021,12.4235,85.6407,638.1769810875252,2
Visakhapatnam,Construction,9575,65,12359,6,Composting,3043,0,48016,2021,12.4235,85.6407,638.1769810875252,2
Visakhapatnam,Hazardous,2751,30,12359,7,Composting,1396,17,48016,2021,12.4235,85.6407,638.1769810875252,2
Visakhapatnam,Plastic,3074,77,12359,10,Composting,4735,14,48016,2022,12.4235,85.6407,638.1769810875252,3
Visakhapatnam,Organic,4528,78,12359,8,Recycling,2938,18,48016,2022,12.4235,85.6407,638.1769810875252,3
Visakhapatnam,E-Waste,545,68,12359,5,Incineration,4818,10,48016,2022,12.4235,85.6407,638.1769810875252,3
Visakhapatnam,Construction,4931,58,12359,6,Composting,2921,0,48016,2022,12.4235,85.6407,638.1769810875252,3
Visakhapatnam,Hazardous,7605,31,12359,8,Composting,1191,16,48016,2022,12.4235,85.6407,638.1769810875252,3
Visakhapatnam,Plastic,7054,62,12359,6,Composting,1978,10,48016,2023,12.4235,85.6407,638.1769810875252,4
Visakhapatnam,Organic,7615,39,12359,5,Recycling,3030,11,48016,2023,12.4235,85.6407,638.1769810875252,4
Visakhapatnam,E-Waste,6752,48,12359,5,Composting,986,1,48016,2023,12.4235,85.6407,638.1769810875252,4
Visakhapatnam,Construction,8160,58,12359,6,Incineration,3943,0,48016,2023,12.4235,85.6407,638.1769810875252,4
Visakhapatnam,Hazardous,2622,85,12359,9,Recycling,1879,15,48016,2023,12.4235,85.6407,638.1769810875252,4
Gwalior,Plastic,5559,49,11280,6,Recycling,735,5,54460,2019,10.9566,91.6565,2204.7331244305956,0
Gwalior,Organic,549,32,11280,8,Composting,4300,7,54460,2019,10.9566,91.6565,2204.7331244305956,0
Gwalior,E-Waste,6318,66,11280,9,Composting,3620,3,54460,2019,10.9566,91.6565,2204.7331244305956,0
Gwalior,Construction,7388,74,11280,8,Landfill,3177,6,54460,2019,10.9566,91.6565,2204.7331244305956,0
Gwalior,Hazardous,3629,34,11280,8,Incineration,4718,14,54460,2019,10.9566,91.6565,2204.7331244305956,0
Gwalior,Plastic,4765,62,11280,10,Landfill,4218,3,54460,2020,10.9566,91.6565,2204.7331244305956,1
Gwalior,Organic,9036,47,11280,5,Composting,3454,6,54460,2020,10.9566,91.6565,2204.7331244305956,1
Gwalior,E-Waste,1600,85,11280,6,Composting,4572,6,54460,2020,10.9566,91.6565,2204.7331244305956,1
Gwalior,Construction,5094,34,11280,5,Composting,3993,17,54460,2020,10.9566,91.6565,2204.7331244305956,1
Gwalior,Hazardous,1827,49,11280,7,Incineration,1661,9,54460,2020,10.9566,91.6565,2204.7331244305956,1
Gwalior,Plastic,2782,51,11280,9,Recycling,4711,14,54460,2021,10.9566,91.6565,2204.7331244305956,2
Gwalior,Organic,9542,61,11280,7,Incineration,4239,2,54460,2021,10.9566,91.6565,2204.7331244305956,2
Gwalior,E-Waste,5503,61,11280,8,Composting,1671,20,54460,2021,10.9566,91.6565,2204.7331244305956,2
Gwalior,Construction,8284,45,11280,5,Landfill,3055,6,54460,2021,10.9566,91.6565,2204.7331244305956,2
Gwalior,Hazardous,1014,51,11280,9,Recycling,1873,10,54460,2021,10.9566,91.6565,2204.7331244305956,2
Gwalior,Plastic,3556,41,11280,10,Incineration,4042,2,54460,2022,10.9566,91.6565,2204.7331244305956,3
Gwalior,Organic,9726,50,11280,10,Recycling,4444,7,54460,2022,10.9566,91.6565,2204.7331244305956,3
Gwalior,E-Waste,5300,60,11280,5,Composting,669,15,54460,2022,10.9566,91.6565,2204.7331244305956,3
Gwalior,Construction,7561,47,11280,8,Composting,3024,18,54460,2022,10.9566,91.6565,2204.7331244305956,3
Gwalior,Hazardous,4272,41,11280,6,Incineration,4123,9,54460,2022,10.9566,91.6565,2204.7331244305956,3
Gwalior,Plastic,6842,42,11280,8,Recycling,3546,15,54460,2023,10.9566,91.6565,2204.7331244305956,4
Gwalior,Organic,5233,38,11280,10,Recycling,1146,5,54460,2023,10.9566,91.6565,2204.7331244305956,4
Gwalior,E-Waste,9903,41,11280,7,Landfill,3260,4,54460,2023,10.9566,91.6565,2204.7331244305956,4
Gwalior,Construction,7540,77,11280,6,Composting,4220,7,54460,2023,10.9566,91.6565,2204.7331244305956,4
Gwalior,Hazardous,2480,58,11280,6,Composting,1081,19,54460,2023,10.9566,91.6565,2204.7331244305956,4
